true_rating,predicted_rating,confidence
1,2,0.2557026
3,2,0.25545514
1,2,0.2573905
1,2,0.25820354
1,1,0.25477275
5,2,0.23594087
1,2,0.2564706
1,2,0.2600149
1,2,0.24736094
1,1,0.25612795
5,2,0.25241816
5,2,0.25883955
5,2,0.26029086
3,2,0.25829256
1,1,0.25929773
5,2,0.26171675
5,5,0.25842708
1,2,0.25379685
1,2,0.25206035
1,2,0.25538367
1,2,0.26034537
1,5,0.23517871
1,2,0.25353822
1,2,0.25635058
5,2,0.25812998
1,2,0.2580933
1,2,0.25577044
1,2,0.25222954
1,1,0.2583531
1,2,0.2549044
1,2,0.25817612
2,2,0.2544245
1,2,0.25544325
5,2,0.24167001
1,2,0.2599415
1,2,0.25708777
2,2,0.25161684
4,1,0.25494716
1,2,0.25666645
2,5,0.23295741
5,2,0.26138815
1,2,0.25859252
5,2,0.25713688
5,2,0.24957046
1,2,0.25447324
1,2,0.2556786
1,2,0.25516617
1,1,0.25277507
1,2,0.26011708
4,5,0.23586228
1,2,0.25354204
2,2,0.25589105
2,5,0.22684558
1,2,0.25751203
1,2,0.25629288
1,2,0.25458112
2,2,0.26207507
5,5,0.23164463
1,2,0.25556764
1,2,0.25858134
4,2,0.2560585
1,2,0.26024947
1,2,0.2552412
1,2,0.2575294
1,2,0.2580099
1,2,0.25521392
5,2,0.25593323
5,2,0.25976327
3,2,0.25428084
1,2,0.25910828
5,2,0.25332886
1,2,0.25811234
1,1,0.25379565
1,1,0.25718653
2,1,0.25599584
1,2,0.2562039
1,2,0.25240037
1,2,0.25585172
1,2,0.25612554
5,2,0.24802864
1,2,0.25303763
5,2,0.25766772
5,5,0.23538402
1,2,0.2559158
1,2,0.26042455
5,2,0.2597789
4,1,0.25323203
1,5,0.23565322
1,2,0.25254425
5,1,0.25949684
5,2,0.25289693
5,2,0.25067967
1,2,0.25867993
1,2,0.26005724
3,2,0.26103625
5,5,0.24920253
1,2,0.25992373
1,2,0.25496855
1,2,0.25591764
5,2,0.2563911
1,2,0.25919846
1,2,0.25702962
2,2,0.25698146
5,2,0.25144133
4,2,0.2542807
1,2,0.25661424
4,5,0.28125376
1,2,0.25909945
1,2,0.2526995
1,2,0.26015934
5,5,0.2494434
4,5,0.26768422
1,1,0.25257576
5,2,0.26389965
1,2,0.25774923
5,2,0.25677612
1,2,0.25871244
1,2,0.25883496
3,2,0.25503635
1,2,0.25535738
1,2,0.25955418
5,2,0.25749928
1,2,0.25811517
1,2,0.25545228
1,2,0.25575528
4,2,0.26028895
5,2,0.25211263
1,2,0.25436231
1,2,0.25784683
1,2,0.25427774
1,2,0.25754398
1,2,0.2580103
2,2,0.25736853
1,2,0.2543827
1,1,0.2552764
1,2,0.2622195
5,2,0.25544375
1,2,0.25837338
5,2,0.25580567
5,2,0.25268555
1,2,0.25651008
1,2,0.25245157
1,2,0.25964758
3,2,0.26089182
5,2,0.2552169
1,2,0.25314674
4,2,0.25597233
1,1,0.25220993
2,2,0.25748605
1,2,0.2619715
1,1,0.25411078
1,2,0.25377446
5,2,0.2589128
4,2,0.25387096
1,5,0.21777748
4,2,0.25444603
1,2,0.25872517
1,2,0.25679985
1,2,0.25845227
1,2,0.25566536
1,2,0.2599057
1,2,0.25936264
1,1,0.25753412
1,2,0.25289539
2,2,0.2616496
1,2,0.2591404
1,2,0.25499845
5,2,0.24325061
1,2,0.2521196
5,2,0.25803056
1,2,0.26023296
5,2,0.26037577
1,2,0.2571991
1,2,0.25270185
1,2,0.263287
4,5,0.23067121
2,2,0.25838333
1,2,0.25344232
1,2,0.25663722
2,2,0.25652558
1,1,0.2654123
1,2,0.25859398
2,2,0.25533554
2,2,0.2544262
1,1,0.25460863
1,2,0.25740534
1,2,0.25853345
5,5,0.24089773
1,2,0.25851926
5,2,0.2558359
1,2,0.2522722
2,2,0.25958452
2,2,0.25721514
1,2,0.2579703
1,5,0.23941785
2,2,0.25847068
5,2,0.2542054
5,2,0.25856918
5,2,0.2561067
1,2,0.25941196
2,2,0.25636563
1,2,0.25793692
1,2,0.26243854
1,2,0.25960094
4,2,0.25825617
1,2,0.26045823
1,2,0.25463253
1,2,0.2543009
1,2,0.25958806
5,2,0.26008365
5,2,0.2521719
1,2,0.2590192
1,1,0.26633614
2,2,0.25506637
1,2,0.25847402
5,2,0.25711802
5,2,0.26189762
1,2,0.26195872
2,2,0.25952864
5,2,0.25351423
5,2,0.2594988
1,2,0.25438258
4,1,0.25853154
5,2,0.25775358
1,2,0.2546953
2,1,0.25789967
2,2,0.25022405
1,2,0.25762928
1,1,0.2642425
4,2,0.26093405
5,2,0.25848666
5,2,0.25621367
4,2,0.2611267
1,1,0.2576055
2,2,0.26344734
1,2,0.2568625
5,2,0.25646594
1,2,0.2595686
1,2,0.25724906
1,2,0.2557555
1,1,0.2560406
1,2,0.2575583
1,1,0.2590792
1,2,0.2616905
1,2,0.2548903
5,2,0.23598784
5,2,0.2571804
5,2,0.2552575
1,2,0.25673378
5,2,0.25573933
1,2,0.25886068
1,1,0.2657821
5,5,0.23518361
1,1,0.25544322
4,5,0.24226204
1,2,0.25286984
3,2,0.25604635
4,5,0.23854324
4,4,0.23971942
1,2,0.25789815
1,1,0.25933316
1,1,0.26035038
1,2,0.26079488
1,2,0.2578766
1,2,0.2563218
1,2,0.25848582
3,2,0.2353698
1,2,0.25402483
1,2,0.25902265
5,2,0.25247064
2,2,0.25843686
1,2,0.25767672
1,2,0.2572595
5,2,0.25884908
4,2,0.25692585
1,2,0.2606432
1,2,0.25517604
1,2,0.25824127
5,4,0.24240386
1,2,0.25740096
2,2,0.25798023
1,2,0.2573914
1,2,0.2546065
1,2,0.25486168
1,2,0.25753862
5,2,0.25734016
1,2,0.2603205
1,2,0.25499246
1,2,0.25933298
1,2,0.25614822
1,1,0.2498528
1,2,0.26007238
5,2,0.26111907
1,2,0.25779217
1,2,0.2542311
1,2,0.25835216
1,2,0.2615194
1,2,0.25884923
3,2,0.25859326
5,2,0.25907007
5,2,0.2604745
1,1,0.26441163
1,1,0.2544009
1,2,0.26159826
1,2,0.25708187
1,2,0.2530184
1,2,0.25611076
1,2,0.25401166
1,2,0.25636294
1,2,0.2530476
5,2,0.25062382
1,2,0.2540932
5,2,0.25501648
1,2,0.2559929
1,1,0.2540535
5,2,0.24996749
1,2,0.26101464
4,1,0.25296804
1,2,0.2549763
1,2,0.25836983
1,1,0.26479083
1,1,0.26089233
1,2,0.25770333
1,1,0.25948587
1,2,0.2579789
1,2,0.25870007
5,5,0.23569626
5,2,0.25855994
1,2,0.25839198
5,2,0.25938752
5,2,0.25719535
1,1,0.2566246
5,5,0.23901124
1,2,0.25560465
2,2,0.2569392
1,2,0.2538169
1,5,0.24935876
1,2,0.25603956
5,1,0.2567739
1,2,0.25529072
1,2,0.25764483
3,2,0.25636464
1,2,0.2583246
1,2,0.25653106
1,2,0.25858647
1,2,0.2567703
5,5,0.22772573
1,1,0.2535376
5,2,0.24675296
1,2,0.25836086
5,2,0.2586347
5,2,0.2608786
1,2,0.25926468
4,2,0.2501756
5,2,0.25474414
1,2,0.2533345
1,2,0.25745296
2,2,0.25263113
5,2,0.25545436
1,2,0.25416672
2,2,0.25688663
5,1,0.26732707
5,2,0.25514513
5,2,0.25598493
1,2,0.25298902
1,1,0.25639924
1,2,0.2542172
1,1,0.2598065
1,2,0.2537925
5,2,0.25660273
3,2,0.2614102
5,2,0.26114315
3,2,0.25726682
1,2,0.25868416
1,2,0.25734586
1,2,0.2602004
5,2,0.25333798
1,2,0.25384396
1,2,0.25685972
5,2,0.25986373
1,2,0.2578663
1,2,0.2559862
4,2,0.2541427
1,2,0.25307694
5,2,0.25704595
5,2,0.25230792
1,2,0.26118526
5,2,0.256372
1,2,0.25914004
2,2,0.2571007
1,2,0.25682992
1,2,0.2613337
1,2,0.25963566
1,2,0.25625786
2,2,0.25210774
3,2,0.2569846
1,1,0.26143524
1,2,0.25450802
1,2,0.25649336
1,2,0.25344658
1,2,0.25783557
1,2,0.2610375
1,2,0.25780758
5,2,0.25345662
1,2,0.25540805
1,2,0.2610896
1,2,0.25248352
5,2,0.25769868
1,2,0.25947064
1,2,0.25722367
1,2,0.26093245
5,2,0.25664154
1,2,0.26012698
1,2,0.26282632
5,5,0.23760337
5,2,0.25711215
1,2,0.25474885
1,2,0.261327
1,2,0.2574505
1,1,0.2624988
1,2,0.25563887
5,2,0.26359522
1,2,0.2578945
2,2,0.26232237
1,2,0.2568274
1,2,0.257696
2,2,0.25637135
1,2,0.26110482
5,4,0.23645343
1,2,0.25587374
1,2,0.25830293
1,2,0.2593711
5,2,0.25391617
1,2,0.25654018
1,2,0.25818068
1,2,0.25394496
1,2,0.25474104
4,2,0.25553223
5,5,0.22694854
1,2,0.2554979
1,2,0.25863093
1,2,0.25962055
1,2,0.25377402
1,2,0.2602477
3,2,0.2588754
1,2,0.25830597
1,2,0.26057732
1,2,0.25811398
1,2,0.25703466
5,2,0.2592172
2,1,0.2558754
1,2,0.2574393
5,2,0.25913042
1,2,0.2571152
1,2,0.25643125
1,4,0.21806878
5,2,0.25636816
1,2,0.2604595
1,2,0.25757343
1,2,0.25568712
3,2,0.25543982
1,2,0.260031
1,2,0.2574891
5,5,0.23087701
3,2,0.2588712
1,2,0.2547717
2,2,0.25866556
1,2,0.25638908
1,2,0.25773126
3,2,0.26438886
1,2,0.25685453
2,2,0.25488427
1,2,0.2569878
1,2,0.25035828
1,2,0.2607682
5,2,0.25380874
1,2,0.25863737
1,2,0.25967735
1,1,0.2577446
1,2,0.25492758
1,2,0.25478825
5,2,0.23877272
1,2,0.25901654
5,2,0.2528843
1,2,0.25129122
1,2,0.25803337
4,2,0.25657028
1,1,0.23171394
1,2,0.26175153
1,2,0.25897127
1,2,0.25802416
2,2,0.2589607
5,2,0.26188552
1,1,0.2579725
1,2,0.25787082
1,2,0.26083338
1,2,0.2562325
1,2,0.2595893
1,2,0.2548292
1,2,0.26153496
5,2,0.2549543
5,2,0.26157737
1,2,0.2553429
5,2,0.25418198
1,2,0.25960535
3,2,0.25820804
1,2,0.2589358
5,2,0.255356
1,2,0.25742596
5,5,0.23129971
1,2,0.25732425
1,2,0.2586771
1,2,0.25528997
1,2,0.2574713
1,2,0.25768414
1,2,0.25663587
1,2,0.25522026
1,2,0.2629686
1,2,0.2559956
5,5,0.25196165
3,2,0.25127137
5,2,0.2569665
1,2,0.25293964
1,2,0.26307234
1,2,0.2573138
1,2,0.25749496
1,1,0.2650512
3,2,0.2585052
1,2,0.25182307
2,5,0.23848148
1,2,0.25641832
1,2,0.25774118
1,2,0.25413373
1,2,0.2557395
1,2,0.25414187
1,2,0.2583212
1,2,0.25490823
1,2,0.25651377
1,2,0.25513458
1,2,0.25278378
5,2,0.26109025
1,2,0.25397068
1,2,0.25774258
2,2,0.25890923
1,2,0.25551206
1,2,0.25891006
5,2,0.26054913
1,2,0.2589132
1,2,0.2599055
1,2,0.25909552
5,2,0.25214595
1,2,0.25854072
1,2,0.2572244
1,2,0.2558053
1,1,0.2647197
5,2,0.2593019
1,1,0.25271693
1,2,0.2561704
1,2,0.2558402
1,2,0.25886574
5,2,0.25753576
2,2,0.25882706
4,2,0.24215579
1,2,0.25869042
4,5,0.2510984
1,2,0.25711432
1,1,0.25526565
1,2,0.25724137
5,2,0.25033894
1,1,0.2565585
1,2,0.25517592
1,2,0.2560793
1,5,0.23638631
1,2,0.25322405
1,2,0.25826204
1,2,0.25500268
1,2,0.2543578
1,2,0.256924
5,2,0.25785118
5,2,0.25837904
3,2,0.25649852
5,2,0.2557381
1,2,0.2612259
2,2,0.25383693
1,2,0.25461355
1,2,0.2542237
1,2,0.25972107
1,2,0.25936705
4,2,0.25782853
1,2,0.2569029
1,2,0.2516651
1,2,0.25139207
1,2,0.25424147
1,2,0.25963646
5,2,0.2563903
1,2,0.25375193
1,2,0.2580814
3,2,0.25789523
1,2,0.25893474
1,2,0.2582904
5,2,0.26005825
1,2,0.25090453
1,2,0.25817305
1,2,0.25761187
1,2,0.2581947
1,2,0.25437337
1,1,0.26497117
1,1,0.26871586
1,2,0.25840926
5,2,0.25018126
5,2,0.25187612
1,2,0.2595021
5,2,0.26050097
1,2,0.2603185
1,2,0.25943962
1,2,0.2585266
5,2,0.2535515
1,1,0.25297517
1,2,0.25664425
1,2,0.25722617
5,2,0.25867215
1,2,0.25657797
1,2,0.25545713
4,2,0.25758508
5,5,0.23108003
1,2,0.25823158
1,2,0.25543293
1,2,0.25952637
1,2,0.25654668
1,2,0.25923574
1,2,0.25614956
1,2,0.25921988
5,2,0.25821227
1,2,0.25894868
1,2,0.25321123
2,1,0.2561393
1,2,0.25934386
1,2,0.25507107
5,2,0.25886378
1,2,0.25928718
1,2,0.26049724
5,2,0.26231784
1,2,0.25483948
5,2,0.25985292
4,5,0.24764161
5,2,0.25801042
5,2,0.25241476
5,5,0.2550587
3,1,0.2524262
5,5,0.2408024
3,2,0.2620313
1,2,0.25736597
1,2,0.25880066
5,2,0.24113968
5,5,0.24081263
2,2,0.2579217
5,2,0.2526261
5,5,0.24056022
1,2,0.25550655
1,2,0.2548847
1,2,0.25226545
1,2,0.2591197
1,2,0.2598565
4,2,0.25281647
4,5,0.24697722
2,2,0.25851634
1,1,0.25734138
1,2,0.2556422
1,2,0.2558384
1,1,0.25772303
1,2,0.25783014
1,2,0.2540892
1,2,0.25364208
1,2,0.26027796
5,2,0.2571133
1,2,0.2545039
5,2,0.25969055
1,2,0.25985825
3,2,0.25873324
2,2,0.2551596
1,2,0.255477
1,2,0.25640282
1,1,0.26643327
1,2,0.255334
1,2,0.25906286
1,2,0.25685325
3,2,0.26002592
1,2,0.25611755
1,2,0.25982818
1,2,0.24793254
1,2,0.25476745
5,2,0.25298163
1,2,0.2542024
1,2,0.25571784
5,2,0.25578028
5,5,0.23899779
4,2,0.26359627
5,2,0.25921804
1,2,0.2583432
5,4,0.22705093
4,2,0.25415993
2,2,0.25587475
3,2,0.25492015
1,2,0.26144323
5,2,0.26025203
1,2,0.2585943
2,2,0.25716496
1,2,0.2611688
1,2,0.25720477
3,1,0.2550756
3,2,0.25673744
1,2,0.2569961
1,2,0.2568149
1,2,0.2541098
1,2,0.25512004
1,1,0.2588083
5,2,0.23935774
1,2,0.25470984
1,2,0.25889102
5,2,0.2474353
1,2,0.2562963
1,2,0.2562511
1,2,0.25956616
4,2,0.25689593
1,2,0.2589283
1,2,0.25904897
1,2,0.25911403
1,2,0.260433
5,2,0.25666618
1,2,0.254588
1,1,0.25809303
1,2,0.2575889
3,2,0.2590961
1,2,0.25481567
1,2,0.25701705
2,2,0.25565946
1,1,0.25784245
1,2,0.25475034
2,2,0.25859827
1,1,0.25633284
5,4,0.23245466
5,2,0.25940028
1,2,0.25826275
1,2,0.25264975
1,2,0.25634933
5,2,0.22900608
1,2,0.25792378
1,1,0.2534629
5,2,0.25692737
4,2,0.25480503
4,2,0.2595513
5,2,0.2572901
1,2,0.2597137
3,2,0.2569508
1,2,0.25827453
2,2,0.25888148
3,2,0.2579449
1,2,0.25850365
1,1,0.26022735
5,2,0.25887594
5,2,0.25410804
1,2,0.25801665
1,2,0.2592806
1,1,0.2650007
1,2,0.25841296
1,2,0.25724596
2,2,0.25894618
5,5,0.22950046
1,2,0.2557741
1,1,0.2558387
2,2,0.25990155
1,2,0.25323918
1,2,0.25900844
1,2,0.2562141
1,2,0.25652838
1,1,0.25307533
1,2,0.25594026
1,2,0.2591822
1,5,0.2348007
1,2,0.26104176
3,2,0.25365242
5,2,0.26213095
1,2,0.257094
5,4,0.23236772
1,2,0.25857398
3,2,0.25719988
5,2,0.25403327
1,1,0.2566763
1,2,0.2616797
4,2,0.2588162
2,2,0.2594502
1,2,0.2552583
1,2,0.25883418
2,2,0.25605148
1,2,0.25743866
1,2,0.2599663
1,1,0.25878057
1,5,0.2610497
1,1,0.2562086
5,2,0.26018092
5,2,0.25951737
1,2,0.2576245
5,2,0.25320604
4,2,0.25310248
1,2,0.25845996
1,2,0.25671852
1,1,0.2585388
1,2,0.253985
1,1,0.2549194
2,2,0.25304082
5,2,0.2597328
1,2,0.26035845
1,2,0.25750965
2,2,0.2546909
1,2,0.25682938
5,2,0.2586301
4,5,0.23084354
1,2,0.26123664
4,5,0.23185745
5,2,0.2566855
1,2,0.25191066
1,1,0.2574916
1,2,0.26315466
5,2,0.2565437
1,1,0.25591576
1,2,0.25801477
1,2,0.25902054
2,2,0.2581688
4,2,0.25623664
5,2,0.25218204
3,2,0.25884077
1,2,0.25541413
1,1,0.2542402
1,2,0.25814196
1,2,0.25527605
1,1,0.25700516
1,2,0.25848496
5,2,0.25352606
1,2,0.26083758
1,1,0.250957
5,2,0.25666782
1,2,0.25566554
5,5,0.2460532
4,1,0.25620493
1,2,0.258119
1,2,0.25893936
1,1,0.25478145
3,1,0.25784892
5,2,0.2547151
1,2,0.25572053
1,2,0.25800616
1,1,0.25872704
5,2,0.25962374
1,2,0.25911975
1,2,0.2577314
5,2,0.25796235
1,2,0.25821516
1,2,0.25917247
3,1,0.25422904
1,2,0.2603725
1,2,0.25928357
1,2,0.2564637
5,5,0.23314613
1,2,0.25814122
1,2,0.2551868
1,2,0.2565968
1,2,0.2603207
5,2,0.2545368
1,2,0.25635597
1,2,0.25494713
4,2,0.2582889
1,2,0.2550309
1,2,0.25763512
1,2,0.25698897
1,2,0.25449306
1,2,0.2608152
1,2,0.25773022
4,2,0.2580604
1,2,0.25621685
4,2,0.25917724
5,2,0.24096023
1,1,0.2537393
1,2,0.2592733
5,5,0.2308425
2,2,0.258558
5,2,0.25630528
1,2,0.235226
1,2,0.25726277
2,2,0.25642973
2,1,0.2624136
1,2,0.2555307
1,2,0.25697082
1,2,0.25880077
2,2,0.2559652
5,2,0.25514627
1,2,0.25664225
1,2,0.25871775
1,2,0.2613801
1,1,0.25658476
5,2,0.25603887
1,5,0.223472
1,2,0.25600156
5,2,0.26140928
2,2,0.25623578
1,2,0.26130703
1,2,0.25539628
1,2,0.2595628
1,2,0.25629127
4,2,0.25606936
5,2,0.25228193
1,2,0.25947326
3,2,0.2530691
5,5,0.24505389
2,2,0.25543365
1,2,0.25597796
1,2,0.25955406
1,1,0.25781813
5,2,0.25863332
5,2,0.25699356
1,2,0.25671986
1,2,0.25802845
5,2,0.2576755
5,2,0.2557679
1,2,0.26166332
5,2,0.24081355
1,2,0.25748426
5,2,0.2618956
4,2,0.2556442
5,2,0.2606278
1,2,0.25394094
1,2,0.25530496
1,2,0.2583159
5,2,0.25508302
1,2,0.2539438
1,2,0.25969335
1,2,0.25739843
2,2,0.25523746
4,2,0.26049712
1,2,0.25642723
2,2,0.25729722
1,2,0.25958797
1,2,0.2583276
5,5,0.235973
5,2,0.2526905
5,5,0.23291862
5,2,0.26120865
5,4,0.22552267
1,2,0.2598367
5,2,0.24990018
1,2,0.26002976
1,2,0.25865507
1,2,0.25738177
1,2,0.24382953
1,2,0.2566156
1,2,0.25458628
5,2,0.25235355
1,2,0.257912
2,2,0.2602468
1,2,0.26202038
1,5,0.22156526
1,2,0.25583237
1,2,0.26093444
1,2,0.25948045
4,2,0.25869846
5,1,0.25174254
5,5,0.2523198
1,2,0.25423044
1,2,0.25882503
1,2,0.25792253
1,1,0.2520064
5,2,0.2537797
1,2,0.2537759
5,2,0.25284624
3,5,0.2492324
1,2,0.25351545
1,2,0.26419517
5,2,0.25775653
3,2,0.25736636
1,2,0.25735068
1,2,0.25401264
5,5,0.23467025
1,2,0.2582161
1,2,0.2570806
1,2,0.25697008
5,1,0.2548574
1,2,0.25720495
1,2,0.25479928
1,2,0.25965908
1,1,0.2567069
1,2,0.25609216
1,2,0.26000774
1,2,0.2584746
1,2,0.25516438
1,2,0.25730786
1,2,0.2607032
1,1,0.26016396
1,2,0.26029193
1,2,0.25921458
1,2,0.25383583
5,2,0.2592681
1,2,0.25893342
1,2,0.25901043
1,2,0.26031968
5,2,0.25451908
1,2,0.25904727
1,2,0.2563499
1,2,0.25894395
1,2,0.25460717
5,2,0.25151762
1,2,0.25375512
1,2,0.2552954
1,2,0.25787073
5,2,0.25749645
5,2,0.25338545
5,1,0.25232545
1,2,0.2565208
1,2,0.25704882
1,2,0.26059046
1,2,0.2558729
1,2,0.2585118
5,2,0.25913984
1,2,0.25554165
1,2,0.2572197
1,2,0.25828323
1,2,0.25743607
1,2,0.25776547
1,2,0.25978753
3,2,0.25269085
1,2,0.2582753
1,1,0.26087487
5,1,0.2635573
5,2,0.25917205
1,2,0.26177025
1,2,0.2530335
5,2,0.2560739
1,2,0.2604036
1,2,0.255031
5,2,0.2533488
1,2,0.25793758
1,2,0.25436848
1,2,0.25364435
1,2,0.25707573
4,2,0.2577643
5,1,0.25121516
5,2,0.25569892
1,2,0.24602583
3,2,0.25553137
4,5,0.24467768
4,5,0.21828873
1,2,0.25951934
5,2,0.25708804
3,2,0.2572033
5,2,0.2557879
1,2,0.25844303
1,1,0.25808075
4,2,0.25795937
1,2,0.25311875
3,5,0.25736424
4,2,0.25684518
1,2,0.25611505
1,2,0.26439878
1,2,0.2593931
1,2,0.261617
1,2,0.2568725
1,2,0.25480574
1,2,0.2579283
1,2,0.2620856
5,2,0.25893041
1,2,0.25408226
1,2,0.25848776
1,2,0.25730315
2,2,0.2560181
1,2,0.25925934
2,2,0.25405285
1,1,0.2572352
1,2,0.25447994
1,2,0.2565262
1,2,0.25961447
3,2,0.26019925
1,2,0.25208634
1,2,0.25444257
1,2,0.25939456
5,5,0.2472672
1,2,0.25896594
5,1,0.26239407
1,1,0.2603637
1,2,0.25633076
1,2,0.2560174
1,2,0.25765198
1,2,0.25927186
1,2,0.2575966
1,1,0.26058733
4,2,0.25471458
1,2,0.2578598
4,2,0.25494638
4,2,0.2591661
1,2,0.2578693
5,2,0.25536507
1,2,0.25778356
1,1,0.25528383
1,2,0.25448298
1,2,0.2621118
1,2,0.25667354
5,5,0.24025682
5,2,0.258309
1,2,0.25834608
1,2,0.25591043
1,2,0.25894308
2,2,0.26110813
1,1,0.25752148
1,2,0.25777757
1,2,0.2562232
1,2,0.2598829
1,2,0.25855836
1,2,0.26044002
1,2,0.25827634
5,5,0.23590098
5,1,0.25321376
1,2,0.25560975
1,2,0.25998643
1,2,0.25759473
5,2,0.258356
5,2,0.25394723
1,1,0.26495185
5,2,0.2581346
1,2,0.25519064
1,1,0.26171836
5,2,0.2570829
1,1,0.25349158
1,2,0.2625843
5,2,0.25895226
1,2,0.25433296
1,2,0.2588514
5,2,0.2572629
1,2,0.25492555
1,2,0.25510034
5,2,0.2544037
1,2,0.2536024
5,2,0.25757104
1,1,0.26437345
5,2,0.26022443
1,1,0.2550244
5,1,0.25507668
4,2,0.25905272
1,2,0.2550157
1,2,0.25323945
5,2,0.2510682
5,2,0.26068565
1,2,0.25513634
1,2,0.25887787
1,2,0.25538853
1,1,0.25922543
5,2,0.25520146
1,2,0.25536034
5,2,0.26098198
5,1,0.25436386
1,2,0.25587136
5,2,0.2578923
5,2,0.2612514
1,2,0.26121762
5,2,0.25330934
1,2,0.25795236
2,2,0.2599708
1,2,0.25594702
1,2,0.25612953
5,2,0.2560662
1,2,0.25605768
1,2,0.25546613
1,2,0.2575686
1,2,0.26021034
1,1,0.2584394
1,5,0.22652477
5,2,0.25914404
5,2,0.25395933
1,2,0.25443286
1,2,0.25844064
3,2,0.2567806
1,2,0.25536942
4,2,0.2578407
1,2,0.2584436
1,2,0.25367242
1,2,0.25877255
1,2,0.2576748
2,2,0.25868103
1,2,0.2552309
1,2,0.25444552
4,5,0.23129565
1,2,0.25464985
1,1,0.2582416
4,2,0.2601834
1,2,0.2583906
1,2,0.2522842
2,2,0.25512722
1,2,0.25465447
1,2,0.25839055
1,2,0.26114297
1,2,0.2518863
1,2,0.25606647
5,5,0.23975623
1,1,0.25449106
1,2,0.2591501
4,5,0.2505762
5,1,0.25238907
5,5,0.25206295
5,2,0.25305864
1,2,0.25579676
1,2,0.25718978
4,2,0.24850416
1,2,0.2581811
2,2,0.25517744
1,2,0.25811356
1,2,0.2585875
1,2,0.25612903
1,2,0.25769517
1,2,0.25565004
1,2,0.2592298
1,1,0.25420985
2,1,0.25217703
1,2,0.25389984
1,2,0.25527382
5,2,0.25539118
4,5,0.24468547
1,2,0.25509423
1,2,0.25746742
1,2,0.257838
1,2,0.25857356
2,2,0.25965294
1,2,0.254879
1,2,0.2579923
1,1,0.25369006
1,2,0.25929844
4,2,0.25839671
4,2,0.2609536
1,2,0.25997928
5,5,0.25380325
2,2,0.2560903
1,1,0.26439732
1,2,0.25691146
4,1,0.25979587
3,2,0.25771278
1,2,0.25584674
5,2,0.26052302
1,2,0.25947767
1,2,0.2555678
1,2,0.25972006
1,2,0.25591153
3,2,0.2601649
3,5,0.23628098
1,2,0.25449142
1,2,0.2587628
1,2,0.25682682
1,2,0.25214785
5,5,0.23229527
1,2,0.25780883
1,2,0.2598375
2,2,0.26002625
5,2,0.25717792
2,2,0.25520173
1,2,0.25915933
5,2,0.25358737
5,5,0.24350545
1,5,0.23155373
1,2,0.25747803
4,2,0.26018298
4,2,0.25429115
1,2,0.25789684
1,2,0.2555852
1,2,0.25579837
1,2,0.25896874
5,2,0.25521672
1,1,0.25918388
4,5,0.22569966
5,2,0.2582932
5,2,0.25125661
1,2,0.2570851
1,2,0.25901166
1,2,0.26287055
1,2,0.25821722
1,2,0.25390762
1,2,0.26239347
1,2,0.25902462
1,2,0.25586072
1,2,0.2595081
1,2,0.25783232
1,2,0.25548157
1,5,0.22645131
1,2,0.2617303
1,2,0.25748178
4,2,0.25676715
2,2,0.25543645
4,5,0.23246197
1,2,0.26298445
5,2,0.255354
1,2,0.25875008
1,2,0.258005
2,2,0.25947532
2,2,0.2596952
5,2,0.25855473
5,5,0.24436879
1,2,0.2520199
1,2,0.25627536
1,1,0.25537753
5,2,0.25738218
1,2,0.26148793
1,2,0.25838017
5,2,0.25749043
5,2,0.25206375
1,2,0.25489542
5,2,0.25767404
1,2,0.25928208
1,2,0.25891703
1,2,0.25873914
1,2,0.25688964
1,1,0.26119387
1,2,0.25961927
4,2,0.2562562
3,2,0.25863257
2,2,0.25601348
1,2,0.2528206
4,2,0.2558992
1,2,0.26241946
1,2,0.25692645
1,2,0.2600162
1,2,0.25696766
1,2,0.25684267
3,2,0.25971058
1,2,0.2564157
1,2,0.25442496
1,2,0.2553256
5,2,0.25576738
1,2,0.24787024
1,1,0.26427448
4,2,0.2588967
5,2,0.26093826
1,1,0.264171
5,5,0.2605587
1,2,0.2592036
1,2,0.25853515
5,2,0.25594229
1,2,0.2572216
1,2,0.25457197
5,2,0.26209307
1,2,0.2510915
1,2,0.25889447
5,1,0.25523528
1,2,0.25911203
5,5,0.26702982
1,2,0.25777048
5,4,0.28019547
1,2,0.25653708
5,2,0.25428033
5,2,0.25690585
1,2,0.253719
1,2,0.25407496
1,2,0.25769904
1,2,0.2578782
4,2,0.25529104
5,2,0.25776204
1,2,0.25888324
1,2,0.2602099
1,2,0.25474873
1,5,0.24567376
5,2,0.25524995
5,2,0.2527981
1,1,0.2536252
1,2,0.25832316
4,1,0.25693655
1,2,0.25998095
5,2,0.25251856
5,2,0.2570135
5,2,0.25078794
1,2,0.25955623
4,5,0.24515016
1,2,0.2555851
1,2,0.25981575
1,2,0.26033595
1,2,0.25704497
1,2,0.2564968
3,2,0.2619224
5,2,0.25955883
2,2,0.25346297
1,2,0.25348273
5,1,0.2578498
1,2,0.2545468
1,2,0.26206118
1,2,0.25914857
1,2,0.25957346
1,2,0.25519544
1,2,0.2530827
1,2,0.2583351
1,2,0.2548876
1,2,0.25874397
1,2,0.25554442
5,2,0.25927764
5,2,0.25092685
1,1,0.2580644
5,5,0.23196575
1,2,0.26045135
1,2,0.25778088
1,2,0.26034924
5,2,0.2572685
4,1,0.26628295
1,2,0.25957465
1,2,0.258285
1,5,0.22796674
1,1,0.2539846
1,2,0.25714514
1,2,0.25979957
1,2,0.25707275
1,2,0.255274
1,2,0.25798607
1,2,0.25971556
1,2,0.25669938
3,2,0.2559181
5,2,0.25735992
1,2,0.25633168
1,2,0.25778955
1,2,0.26064935
5,2,0.25622827
5,2,0.25514185
3,2,0.25597215
5,3,0.21778189
2,1,0.2604875
1,2,0.25699243
1,2,0.2567583
1,2,0.2565701
4,2,0.25869635
5,2,0.25467142
5,1,0.25293607
1,2,0.2581275
5,2,0.2553412
5,2,0.2563775
1,2,0.25669277
1,2,0.25821978
1,2,0.25972888
2,2,0.2549942
1,2,0.2562715
1,2,0.25774843
1,2,0.2585521
1,2,0.256314
1,2,0.2575877
2,2,0.25877872
1,2,0.2566638
2,2,0.257196
2,4,0.22826621
1,2,0.25707096
1,2,0.25891155
1,2,0.25631693
1,2,0.25686237
5,5,0.240436
5,2,0.22898945
1,2,0.2538838
1,2,0.2601523
5,2,0.25525826
1,2,0.2584543
3,2,0.25791544
1,2,0.25359666
2,5,0.23906909
1,2,0.24231687
1,2,0.25964355
1,2,0.2602597
1,2,0.2556651
5,2,0.2638853
5,5,0.24659516
1,2,0.2593028
5,5,0.23041034
5,2,0.2581666
5,5,0.25859168
5,5,0.24239561
5,2,0.25847575
1,2,0.2560089
1,2,0.254302
1,2,0.25618047
5,5,0.23676868
1,2,0.25492683
1,2,0.25562638
1,2,0.25304046
1,2,0.26028198
1,1,0.25673422
2,2,0.25744542
1,2,0.25813153
2,2,0.25585866
1,2,0.25692037
1,2,0.25871027
1,2,0.25711837
1,2,0.25613335
1,2,0.25562945
1,2,0.25813904
1,2,0.25705466
1,2,0.260142
1,2,0.25798702
1,2,0.26438233
4,2,0.25458434
1,2,0.25806534
5,2,0.23667577
5,2,0.25281885
1,2,0.26029584
1,2,0.26123062
1,2,0.255419
1,2,0.25875512
1,2,0.25906217
5,1,0.2591065
4,2,0.25650233
1,2,0.26219657
1,2,0.2573865
4,5,0.23916917
2,2,0.2573392
1,2,0.26010132
1,2,0.26124623
5,5,0.2512317
5,1,0.25610226
1,2,0.2585908
1,2,0.2579517
3,2,0.25649798
1,2,0.2583398
1,2,0.25705567
1,2,0.26016262
1,2,0.2572717
1,2,0.25487545
3,2,0.25467977
5,2,0.2548655
1,2,0.26016837
1,2,0.25269783
5,2,0.2582681
1,2,0.2537698
1,2,0.25688758
1,2,0.25645337
5,2,0.25828436
1,2,0.25759032
1,2,0.26047337
1,2,0.25855705
5,2,0.25576428
5,2,0.25784472
1,2,0.25718302
1,2,0.2586414
1,2,0.25612774
1,2,0.2547374
2,2,0.25572747
5,4,0.25221857
1,2,0.25607213
1,2,0.25518772
2,2,0.2576624
5,2,0.22837524
2,2,0.2545776
5,2,0.25815108
1,1,0.25849026
2,2,0.2614966
1,2,0.25985676
1,2,0.2571276
5,2,0.25714108
1,1,0.26327342
1,2,0.2573282
1,2,0.2550302
5,2,0.25232318
1,2,0.25555566
5,5,0.27129096
1,2,0.26028535
1,2,0.25850362
5,2,0.25767204
1,2,0.2597342
5,2,0.25824267
4,5,0.23433468
1,2,0.2559167
1,2,0.26008043
1,2,0.25735718
1,2,0.25246006
1,2,0.25460434
5,2,0.25626248
5,2,0.25335607
1,2,0.25332224
1,2,0.25814432
1,1,0.26589414
1,2,0.26028016
1,2,0.256558
1,2,0.2591451
1,2,0.2586574
1,2,0.25511247
2,1,0.2628052
1,2,0.25491655
1,1,0.25897795
1,2,0.25166047
1,2,0.25430793
1,2,0.25276452
5,2,0.25942865
4,5,0.22791766
1,2,0.2572087
1,2,0.2606033
1,2,0.25894678
1,2,0.25409672
1,2,0.26006043
1,2,0.2562751
4,5,0.23933013
1,1,0.2601575
2,2,0.2584117
5,2,0.25592184
1,2,0.255078
1,2,0.25343254
1,2,0.25299194
5,2,0.25869584
1,2,0.25695676
1,2,0.2571437
1,5,0.23984002
1,2,0.26021284
5,2,0.25343364
1,2,0.26082063
1,2,0.25809953
4,2,0.25181606
1,2,0.25353068
1,2,0.25518468
1,1,0.2537181
3,2,0.23352978
5,2,0.25314447
1,2,0.25929058
1,2,0.2533258
5,5,0.24344912
1,1,0.2614705
1,2,0.25771987
4,2,0.25669798
1,2,0.25408804
1,2,0.2525827
1,2,0.2569425
5,5,0.23027104
5,2,0.254007
3,5,0.24134259
1,2,0.25668454
1,2,0.25560817
1,2,0.25687426
1,2,0.25547367
3,2,0.25348
5,2,0.25501287
5,2,0.25571343
1,2,0.25906807
1,1,0.25445282
1,2,0.26025248
1,2,0.25869346
1,2,0.26003253
1,2,0.25747663
1,2,0.25970158
1,2,0.25689203
1,2,0.25606495
1,2,0.25497463
5,5,0.2372852
1,2,0.2536859
5,2,0.25156024
1,2,0.25708762
1,2,0.25327614
5,2,0.2603709
5,2,0.25772327
5,5,0.25764865
1,2,0.25843593
1,2,0.25690427
3,2,0.25841844
1,2,0.25863346
1,2,0.255821
1,2,0.2586275
4,1,0.25091708
1,2,0.2544749
1,2,0.2545928
1,2,0.2555411
1,2,0.25888753
1,2,0.25503886
1,2,0.2582925
5,2,0.25332344
5,5,0.2449089
1,2,0.2592224
5,2,0.2569425
1,2,0.2564084
1,2,0.2576607
1,2,0.25952774
3,2,0.25812924
1,2,0.2564391
1,2,0.25844198
5,2,0.25521222
1,2,0.2555095
5,2,0.25520128
1,1,0.2525136
1,2,0.25997192
1,2,0.258782
1,2,0.2566898
1,2,0.25285238
1,5,0.2296249
1,2,0.2582766
5,2,0.2522407
5,2,0.25828516
5,1,0.26130342
1,2,0.25521088
5,2,0.2535049
1,2,0.2584577
1,2,0.25796798
3,2,0.2568658
5,5,0.22990364
5,2,0.256671
1,2,0.25240642
1,2,0.26016355
1,1,0.25608662
1,2,0.25630805
5,2,0.24066564
4,2,0.25570738
1,2,0.25725198
1,2,0.25690174
1,2,0.25493023
1,2,0.26251805
1,2,0.2538191
3,2,0.2590032
1,5,0.23835517
1,2,0.2582647
1,2,0.25857306
5,2,0.25637293
4,2,0.25719458
1,2,0.2596804
1,2,0.25514212
5,2,0.2617611
1,2,0.26044175
4,2,0.25809112
1,2,0.25526416
1,1,0.25535873
1,2,0.25795823
1,2,0.25500068
1,2,0.25478438
1,2,0.2572629
2,2,0.25712955
1,2,0.26146507
4,2,0.2574503
1,2,0.25882304
1,2,0.25968286
5,2,0.260351
5,2,0.25624418
2,2,0.25492343
2,1,0.2633243
2,2,0.2589686
1,2,0.256235
1,2,0.25424287
1,2,0.25418457
1,2,0.25632924
5,2,0.23782073
1,2,0.25903293
1,2,0.2578567
1,2,0.2533025
1,2,0.2547844
1,2,0.25875056
1,2,0.2589245
4,2,0.25575027
1,2,0.254732
3,2,0.25152025
1,1,0.25389504
1,2,0.25860903
4,5,0.22555387
5,2,0.25692183
2,2,0.2583789
1,1,0.26642832
1,2,0.2569489
1,2,0.25762042
1,2,0.2570051
5,2,0.25292772
5,2,0.25913683
5,5,0.24883626
1,5,0.23305859
1,2,0.25886348
2,2,0.23137498
1,2,0.25606015
3,2,0.25906155
1,2,0.26064852
1,2,0.26200753
1,2,0.2585835
1,2,0.256708
1,2,0.2581455
1,2,0.25514582
3,2,0.25727317
5,5,0.26866975
1,2,0.25732988
5,2,0.25635168
1,2,0.2577685
1,2,0.2530925
3,2,0.2563758
4,2,0.25514942
1,1,0.2608931
5,2,0.2536615
1,2,0.25576228
5,2,0.25454852
1,2,0.2549038
1,2,0.25613683
5,1,0.2572418
1,1,0.25708923
1,2,0.25732538
1,2,0.25653687
2,2,0.26046786
1,2,0.2559478
5,5,0.23239739
2,2,0.25485098
1,2,0.25483388
1,1,0.25595173
1,2,0.255648
1,2,0.25944862
1,2,0.25660282
2,2,0.25765052
1,2,0.25776187
1,2,0.25768647
1,2,0.2563644
1,2,0.25931904
1,2,0.25521144
1,5,0.20966597
1,2,0.25863418
1,2,0.25868997
5,2,0.25856015
1,2,0.25660294
1,2,0.25407302
1,2,0.255785
5,2,0.25558087
4,2,0.25519884
3,1,0.2574078
5,2,0.2609067
5,2,0.2570655
1,2,0.2588017
2,2,0.25481394
1,2,0.2558658
1,2,0.25669846
1,2,0.25879493
5,2,0.2572569
1,2,0.25365782
1,2,0.25797117
5,2,0.25521007
2,2,0.2585192
4,2,0.26206163
1,2,0.26000908
5,2,0.2608996
1,2,0.25903562
2,2,0.25789252
2,2,0.25223333
4,2,0.25755498
4,2,0.25898448
1,2,0.25954574
4,2,0.25753415
1,2,0.25568253
1,2,0.257023
1,2,0.2592368
1,2,0.26020253
5,2,0.25560945
1,2,0.25786906
1,2,0.250859
5,2,0.2401737
1,2,0.25337106
2,2,0.25579792
1,1,0.2610398
1,2,0.25735363
1,1,0.25931785
5,2,0.25893876
4,2,0.2580363
1,2,0.2593985
1,2,0.255831
1,2,0.2590233
5,2,0.2535294
5,2,0.25956607
1,2,0.25723487
1,1,0.26835448
1,2,0.2595385
5,2,0.25209585
1,2,0.25742897
5,2,0.25874686
3,2,0.25937426
3,2,0.23896936
1,2,0.25523177
5,2,0.25812602
1,2,0.25666842
1,2,0.25348136
5,2,0.2576455
3,2,0.2563562
1,2,0.2574479
2,2,0.25413397
1,2,0.25626743
1,2,0.25647604
4,2,0.25836
4,2,0.25095603
1,2,0.2548049
5,5,0.2658753
5,5,0.23440677
2,1,0.25557563
1,2,0.25644735
5,2,0.2583767
1,2,0.25329968
1,2,0.25821966
1,5,0.2323659
2,2,0.2579172
1,2,0.25587857
5,2,0.2538669
1,2,0.25723082
5,3,0.20922446
1,2,0.25827247
1,2,0.25929412
1,2,0.25815314
1,2,0.25593814
1,2,0.25748706
3,2,0.25737193
4,1,0.25700843
2,2,0.2591924
1,1,0.26495185
5,2,0.25530493
2,2,0.25769407
1,2,0.25755152
1,2,0.257629
1,1,0.26748705
1,2,0.25438428
1,2,0.25635183
1,2,0.25670353
1,2,0.25379685
2,2,0.25854206
3,2,0.25939548
4,2,0.25901198
1,2,0.25449827
5,2,0.2602231
1,2,0.25931656
1,2,0.2575038
1,2,0.25614688
1,1,0.2390635
1,2,0.25640377
3,2,0.25402653
1,2,0.25610825
5,5,0.24999431
1,2,0.25682083
4,2,0.25728527
1,2,0.25593773
3,2,0.25682122
1,2,0.25930217
1,2,0.26034197
5,2,0.25628975
1,2,0.256994
4,2,0.25662678
1,2,0.25676972
2,2,0.25715587
1,2,0.25894704
1,2,0.25461456
1,2,0.2585419
1,2,0.25753284
1,2,0.2569553
5,2,0.2557565
5,2,0.2601665
1,1,0.25520578
1,2,0.25942084
1,2,0.25400162
1,2,0.25708005
1,2,0.26061112
1,2,0.25920036
1,2,0.25187537
1,1,0.25939122
1,1,0.2651948
2,2,0.2601448
1,2,0.25928017
1,2,0.25409847
1,5,0.23888494
5,2,0.2537512
5,5,0.22890936
4,2,0.25269625
5,5,0.24737959
2,2,0.25904906
1,2,0.25593644
5,2,0.25560567
1,2,0.25442654
1,2,0.2561351
2,2,0.25137016
1,2,0.23629719
1,5,0.22148944
1,2,0.25495854
1,2,0.25694898
1,2,0.25764593
1,2,0.26045844
1,2,0.25684372
5,5,0.26275703
1,2,0.26150125
1,2,0.2565077
1,2,0.2574241
5,2,0.25955266
1,2,0.2557075
1,2,0.26004383
1,2,0.25957075
1,1,0.26142076
1,5,0.21457367
1,2,0.2527945
2,2,0.254748
5,2,0.25757703
1,2,0.25986347
1,2,0.25654286
5,5,0.24791275
1,2,0.25706056
1,2,0.2586117
1,2,0.2555704
5,2,0.25303876
1,2,0.25465107
1,2,0.2550239
2,2,0.25483283
1,2,0.26126352
1,2,0.25444612
1,2,0.25872743
1,1,0.26288378
1,2,0.25757518
5,5,0.25430498
5,5,0.23057695
1,2,0.25532162
1,2,0.2539089
1,1,0.22637339
4,1,0.25540927
1,5,0.23023784
5,2,0.24906746
1,2,0.25585184
4,5,0.24197218
1,2,0.25569972
5,2,0.25627097
1,2,0.25687346
3,2,0.2569886
5,2,0.2539056
4,2,0.25836992
1,2,0.2600479
5,2,0.25495958
1,5,0.23762959
5,2,0.25777996
1,2,0.26059607
1,2,0.2559779
1,2,0.2601815
5,2,0.25577676
1,2,0.2562288
2,2,0.254756
5,2,0.2583732
2,2,0.2553632
1,2,0.26007915
1,2,0.25851375
5,2,0.25694585
1,1,0.26257426
1,2,0.25844035
1,2,0.2575478
2,2,0.2575383
5,2,0.25969353
5,2,0.2551109
1,2,0.25859278
1,2,0.25785303
1,2,0.25689876
2,1,0.25237423
4,1,0.25429916
1,2,0.2575956
5,2,0.25797284
1,2,0.25899708
1,2,0.25797874
1,2,0.26198408
2,2,0.25265312
2,2,0.25657156
1,1,0.2553018
1,2,0.25676787
4,5,0.2369265
5,2,0.2591108
1,2,0.2589091
1,2,0.26102462
5,2,0.26038116
1,2,0.25886175
1,2,0.25683004
1,2,0.26024777
4,2,0.26238388
1,2,0.26015228
5,2,0.26193705
1,2,0.25569057
4,2,0.23630798
4,2,0.23705794
1,1,0.2574491
1,2,0.25841865
5,2,0.25684834
2,2,0.26004517
5,2,0.25488904
1,2,0.25802252
1,2,0.2575776
1,1,0.2541275
4,2,0.25984022
5,2,0.25436172
1,2,0.25443697
1,2,0.2581861
1,2,0.25682667
5,2,0.25534394
5,2,0.25598302
2,2,0.25960627
1,2,0.26053748
1,1,0.25331664
5,2,0.25537172
5,2,0.25138193
1,1,0.2583479
1,2,0.25926787
1,2,0.25753543
1,2,0.25719005
1,2,0.25796553
5,2,0.25533235
5,5,0.2521676
1,2,0.25976112
1,2,0.25330606
1,2,0.25716975
1,4,0.21134326
4,2,0.25953165
1,2,0.2569591
1,2,0.25311697
3,2,0.25614724
1,2,0.25303957
1,2,0.25672314
5,2,0.2608571
1,2,0.26039788
3,2,0.2566996
1,1,0.25684586
1,2,0.25825962
5,2,0.25816995
1,2,0.25934714
1,2,0.25559837
1,2,0.2558527
1,2,0.25362557
1,2,0.25535685
1,2,0.2561619
5,2,0.24147657
1,2,0.26066846
5,5,0.2601273
1,2,0.254452
1,2,0.25849855
4,2,0.2584862
2,2,0.2576585
1,2,0.26052985
1,2,0.26088628
1,2,0.2573904
1,2,0.2557467
1,2,0.25695813
5,2,0.25923786
1,2,0.25843447
2,2,0.25274664
1,2,0.26069555
1,2,0.25560376
1,2,0.25945094
1,2,0.25821304
2,2,0.26020178
1,1,0.26607257
1,2,0.25620824
1,2,0.2554666
1,2,0.26013088
1,2,0.25733694
1,2,0.25463971
4,2,0.25402302
1,1,0.26078087
1,2,0.25780776
5,1,0.25716177
1,2,0.24919125
2,2,0.2580296
5,2,0.2563267
1,2,0.25632146
1,2,0.26064843
5,2,0.2564439
1,2,0.25491485
5,2,0.25812438
5,2,0.25383607
1,2,0.2543587
4,2,0.25778246
1,1,0.25530815
1,2,0.259504
1,2,0.25857952
1,2,0.2556179
1,2,0.26120067
1,2,0.25363198
1,2,0.25914946
5,5,0.23292889
1,2,0.25669864
1,2,0.25995117
3,2,0.25769588
3,2,0.2539366
1,2,0.26054522
1,2,0.2597841
5,5,0.23204662
5,2,0.25085822
5,2,0.25778842
1,2,0.25710693
1,2,0.25998423
2,2,0.25584742
1,2,0.25666794
3,2,0.2591337
1,2,0.26031417
5,2,0.25636604
1,2,0.25754097
1,4,0.21134326
1,2,0.25883806
1,2,0.2595278
5,2,0.25455832
1,2,0.259383
1,2,0.25637135
5,5,0.25031853
5,2,0.25282624
1,2,0.25674036
1,2,0.25631928
1,2,0.2596654
4,5,0.23290877
1,2,0.24234992
1,2,0.25829574
1,2,0.25729588
1,1,0.26677275
1,2,0.262155
1,2,0.2554121
4,2,0.25265363
5,2,0.26015463
1,2,0.2618314
1,1,0.25297403
2,2,0.25891143
1,2,0.25410032
1,1,0.2548602
5,2,0.26065573
1,2,0.2551977
1,1,0.2574053
1,2,0.25643432
1,2,0.25847936
5,2,0.2587592
5,5,0.2517336
1,2,0.2539649
1,2,0.26018605
1,2,0.2578009
1,1,0.26453453
1,2,0.2580609
1,2,0.2593625
1,2,0.2536637
1,2,0.2581739
5,2,0.25571668
1,2,0.2589311
1,2,0.2571653
1,2,0.2554677
1,1,0.2550798
1,2,0.26165226
1,1,0.26911446
5,2,0.25914103
4,1,0.25443307
2,1,0.25901565
5,1,0.25209475
1,2,0.25864843
1,2,0.2598309
1,1,0.2602941
1,4,0.22751366
1,2,0.25844854
1,2,0.25513664
1,2,0.25634715
1,2,0.25970668
1,2,0.25719795
4,2,0.26096606
3,2,0.25578335
1,2,0.25718126
1,2,0.26021495
1,2,0.25634238
1,1,0.2532753
1,2,0.2572692
5,2,0.25376767
1,2,0.2592031
1,2,0.25866768
1,2,0.25548407
5,2,0.2588468
1,1,0.2568772
1,2,0.25123042
1,2,0.25951418
1,2,0.25764045
1,2,0.25880048
1,2,0.2588356
1,2,0.2612613
5,2,0.25691336
1,2,0.25428578
5,2,0.2543507
1,2,0.25759467
5,4,0.26394117
1,5,0.2288936
4,5,0.24868388
5,5,0.2401255
4,5,0.2395462
1,2,0.25586814
1,2,0.2575136
2,2,0.2555887
1,2,0.25709853
1,2,0.2539462
1,2,0.2596458
1,2,0.25478628
1,2,0.25420943
1,2,0.25917715
1,2,0.25999296
5,2,0.25816813
1,2,0.2595837
3,2,0.25594765
1,1,0.255426
1,2,0.25718635
1,1,0.25737864
5,2,0.25208336
4,2,0.25213322
1,2,0.2580065
1,2,0.2539071
5,5,0.2610167
1,2,0.25571737
3,2,0.25518095
5,2,0.25845394
1,2,0.2583258
5,2,0.25416946
1,2,0.25552788
1,2,0.25738963
5,2,0.25703675
3,2,0.25785404
1,1,0.2543801
1,2,0.25759906
1,2,0.25745597
1,2,0.25919977
1,2,0.25869384
1,2,0.2582272
1,2,0.2611908
1,2,0.25344333
1,2,0.26171058
1,1,0.25593516
1,2,0.2518664
1,2,0.26045075
2,2,0.25512585
1,2,0.25500956
1,1,0.2544933
5,5,0.2598686
1,2,0.2579051
1,2,0.2586487
1,2,0.25658748
1,2,0.25883865
1,2,0.25791472
1,2,0.26225713
2,2,0.25964966
1,2,0.25573283
1,2,0.26160052
1,2,0.25960627
2,2,0.25596714
1,1,0.2568274
1,2,0.2600006
1,2,0.2614411
1,2,0.25971782
4,2,0.25539958
1,2,0.2583844
2,2,0.25695908
1,2,0.25960273
5,2,0.25669074
1,2,0.2543544
3,2,0.25894058
1,2,0.2583799
1,2,0.25784704
1,2,0.2604356
1,2,0.25666133
1,2,0.25321153
1,2,0.2606993
2,2,0.25830066
1,2,0.2574335
1,2,0.25492284
1,2,0.25654647
1,1,0.26116672
1,2,0.25904158
3,2,0.25749224
5,2,0.25577947
1,1,0.26058733
5,2,0.2515994
3,2,0.2591755
1,2,0.25920162
4,5,0.21786918
1,2,0.25628853
1,1,0.26336887
4,2,0.25483695
1,2,0.25673112
1,2,0.25754225
5,2,0.25458452
1,2,0.25244483
1,2,0.2561242
1,2,0.25738874
1,2,0.25998777
5,1,0.2539863
1,2,0.2562474
1,2,0.25883406
4,5,0.25579473
1,1,0.2154957
5,2,0.25337014
1,1,0.26710078
1,2,0.25286153
5,2,0.25226867
2,2,0.25926661
1,1,0.26270327
5,5,0.23535712
1,1,0.26497808
4,5,0.24032843
1,2,0.24799575
1,2,0.25884455
1,2,0.2555992
1,2,0.25535974
1,2,0.25917196
2,2,0.25986916
1,1,0.2570438
5,2,0.25664943
5,2,0.25263593
1,2,0.25090274
1,2,0.26079476
3,2,0.25492066
1,2,0.2574131
1,2,0.25770742
1,2,0.2549305
1,2,0.24398908
1,2,0.2569738
1,2,0.25321406
1,2,0.25834656
3,2,0.26066115
5,2,0.25666794
1,2,0.25285125
5,2,0.25941825
1,2,0.2579245
5,2,0.25911656
5,5,0.245144
1,2,0.26185057
5,4,0.22951892
1,2,0.25810924
1,2,0.25890145
1,2,0.25669256
1,2,0.25390592
1,1,0.2593605
1,2,0.25824124
1,2,0.25545025
1,4,0.21975638
1,2,0.25498
1,2,0.25832695
5,5,0.23236397
1,2,0.25215104
1,2,0.25869414
1,2,0.25660986
5,2,0.25346377
1,2,0.25358158
1,2,0.25344908
2,2,0.2525677
5,2,0.25218475
3,5,0.22011326
1,2,0.25775546
2,2,0.2575234
1,2,0.25354728
1,2,0.2587117
1,2,0.2527614
1,2,0.25429332
1,2,0.25432664
1,2,0.26104495
1,1,0.2647052
5,2,0.25397703
1,1,0.25784
1,2,0.2557016
1,2,0.25815573
1,2,0.25486845
4,1,0.25668466
1,2,0.25571203
5,2,0.23570804
4,2,0.25599167
5,2,0.2625578
2,5,0.23499814
5,2,0.25274035
1,2,0.2588466
4,2,0.2491636
1,2,0.25468558
1,2,0.25821316
3,2,0.2612358
3,2,0.25494504
1,2,0.25508824
1,2,0.25875968
1,2,0.25716338
2,2,0.2582763
5,2,0.26018882
1,2,0.26123354
1,2,0.25946957
1,2,0.25764894
5,2,0.25706676
1,1,0.25221214
1,2,0.25575325
2,2,0.25625914
1,2,0.25620925
1,2,0.25792783
2,2,0.2623129
1,2,0.25981423
1,2,0.2555903
1,2,0.2606084
1,2,0.25624186
1,2,0.25847042
1,2,0.2576641
5,2,0.2568741
2,5,0.23090044
1,2,0.2586514
5,2,0.25597483
5,2,0.25555095
3,2,0.26068395
5,2,0.25563622
1,2,0.25769457
1,2,0.2552016
5,2,0.2561649
1,2,0.2576235
2,2,0.25778422
3,2,0.2592652
1,2,0.25669453
1,2,0.25599918
1,2,0.25624332
1,2,0.25697005
5,5,0.22431362
5,5,0.24912158
1,2,0.25318992
5,2,0.255432
1,2,0.2574024
5,5,0.24929419
1,2,0.2537983
1,2,0.25505537
1,2,0.25856093
3,2,0.256153
1,2,0.25903934
1,2,0.25482005
1,2,0.2544748
1,2,0.25337765
5,2,0.25503653
2,2,0.26026025
1,2,0.25065112
1,2,0.25908625
4,2,0.25676793
1,2,0.2532385
4,2,0.25600362
1,2,0.2588018
1,2,0.2546622
5,2,0.25477296
1,2,0.25971356
5,2,0.25651908
1,2,0.25722
1,1,0.25694957
1,2,0.25690615
1,2,0.25995314
1,2,0.25708368
5,2,0.25503147
4,2,0.25342333
4,2,0.25469956
1,2,0.25704297
1,2,0.25994408
1,2,0.25593635
1,2,0.2553539
1,2,0.26167765
1,2,0.2572165
1,2,0.25863835
1,2,0.26023737
1,2,0.25855556
1,1,0.26175427
1,2,0.25603315
4,2,0.25396165
5,2,0.25166434
5,2,0.2502768
5,2,0.25790218
1,2,0.25886095
5,2,0.2554178
1,2,0.25838014
5,5,0.2553911
3,2,0.2597351
5,2,0.25412843
1,2,0.25452977
1,2,0.2584581
1,2,0.2589316
4,2,0.25526723
1,2,0.25940174
1,2,0.2587758
4,2,0.256119
1,2,0.2598173
1,2,0.2584374
1,2,0.25876504
1,2,0.25772798
1,2,0.2565739
5,2,0.25375617
1,2,0.24248283
1,2,0.25430518
3,2,0.2580345
4,2,0.2471129
2,1,0.26154366
1,2,0.25480244
1,2,0.25945225
3,2,0.23687851
1,2,0.25521198
4,1,0.25697666
5,2,0.25526315
1,1,0.25766042
1,2,0.26012996
1,2,0.2554597
2,1,0.26817834
1,2,0.25669155
1,2,0.25893304
1,2,0.26143456
1,2,0.2573806
3,5,0.24356408
1,2,0.25747886
5,2,0.25619152
5,5,0.23318343
1,1,0.2542652
1,2,0.25902078
4,1,0.25336415
1,2,0.25817192
5,2,0.25329334
1,2,0.2552988
1,2,0.25753024
4,2,0.256161
1,1,0.22017992
5,1,0.25743905
5,2,0.25906748
1,2,0.25464422
1,2,0.2597298
1,2,0.25640577
1,2,0.25211605
1,2,0.25601366
1,2,0.25889382
1,2,0.257062
5,2,0.25651383
1,2,0.2615045
1,1,0.25779167
1,2,0.26150885
5,2,0.25801638
1,2,0.2591103
4,5,0.2565668
1,2,0.25816837
1,1,0.2563248
5,2,0.2616582
1,1,0.25604385
1,1,0.25654018
4,2,0.25404948
3,2,0.25863913
1,2,0.2563545
1,2,0.23359801
1,2,0.25836828
1,2,0.25761786
1,2,0.25761345
4,2,0.2624927
1,2,0.25743893
1,2,0.2589162
1,2,0.26336655
1,2,0.2529433
5,5,0.22564247
2,2,0.25708058
5,2,0.25847545
5,2,0.2567562
2,2,0.25461712
4,4,0.23387526
1,2,0.25699997
5,2,0.2584037
5,2,0.25980496
1,2,0.2553342
1,2,0.25547403
1,2,0.25691918
1,2,0.25805613
1,2,0.2551366
4,2,0.256568
1,2,0.25879702
1,2,0.25359723
1,2,0.25778934
3,4,0.24186799
1,1,0.26282245
1,2,0.25830615
2,5,0.22357091
4,2,0.25232053
3,2,0.2588592
1,2,0.26066595
1,1,0.2655268
5,1,0.2571277
1,2,0.2566857
1,2,0.26163426
1,1,0.2556198
3,5,0.22299694
1,2,0.25403386
1,2,0.25635377
1,2,0.2544028
1,2,0.25410333
5,2,0.25624943
1,2,0.25770256
1,2,0.2565377
1,2,0.25923023
1,2,0.26111943
5,2,0.25481084
5,1,0.25706118
1,2,0.25613198
1,2,0.25846618
5,2,0.25783822
5,2,0.25796866
5,2,0.23543957
5,2,0.25845268
1,2,0.2552854
5,2,0.25081825
1,2,0.26218453
1,2,0.25758517
1,2,0.25715053
1,1,0.25537577
1,2,0.2585094
1,1,0.256937
1,2,0.25548482
1,2,0.2556022
5,2,0.259415
5,2,0.25583375
5,2,0.2509334
4,2,0.25727892
1,1,0.25886628
1,2,0.2561532
2,2,0.25401768
5,5,0.27723405
4,2,0.26031718
1,2,0.255216
1,2,0.2592076
5,5,0.22600165
1,2,0.25841892
1,2,0.2589318
5,2,0.26012495
1,2,0.25815302
1,2,0.2591847
5,5,0.22810803
1,2,0.25822446
1,2,0.25773504
1,2,0.24993505
1,2,0.25825256
1,2,0.25700358
1,2,0.25886482
1,2,0.2589167
4,2,0.2526388
1,1,0.25931847
1,2,0.26044735
5,5,0.22436066
3,2,0.25859448
1,2,0.25922266
1,2,0.25442192
5,2,0.2570217
5,2,0.26072997
1,2,0.25763863
1,5,0.24233489
1,1,0.25411636
1,2,0.26036668
2,2,0.25757593
5,2,0.25586933
1,2,0.2576435
1,1,0.26313132
1,2,0.25558496
1,1,0.26283067
3,1,0.26311454
1,2,0.2538248
1,2,0.25746617
1,2,0.25667328
1,1,0.2643495
5,2,0.2586948
4,2,0.2542492
1,2,0.25684336
1,2,0.25752538
2,2,0.25989604
2,2,0.25683892
4,2,0.2568087
5,4,0.23511045
5,2,0.26084545
1,2,0.2570094
5,1,0.255743
2,2,0.25897512
1,2,0.25767758
5,2,0.25668803
5,2,0.23456982
5,2,0.25600505
1,2,0.25898916
1,5,0.22928555
2,1,0.2618243
3,2,0.25901207
3,5,0.2413592
5,2,0.2610967
5,2,0.25267872
5,2,0.25826937
1,2,0.26153362
1,2,0.2573644
1,1,0.2564303
1,2,0.25575212
1,2,0.2536811
1,2,0.25656274
1,2,0.25565568
5,2,0.23189467
1,2,0.2622882
1,2,0.25640112
3,2,0.25857902
1,1,0.25746378
1,2,0.25834924
1,2,0.25230825
3,2,0.25940427
1,2,0.25640202
1,2,0.25393823
1,2,0.25619295
5,5,0.25314748
4,1,0.25708482
1,2,0.25614646
1,2,0.25835738
1,2,0.25731108
1,2,0.25849903
1,2,0.26054928
1,2,0.256749
1,2,0.26046452
5,5,0.21235137
1,2,0.25690997
5,2,0.25238428
1,5,0.23282737
1,1,0.24911885
5,5,0.25410613
5,2,0.2597542
2,2,0.25497824
1,1,0.25879955
1,2,0.2581296
1,2,0.25561115
3,2,0.25487378
5,2,0.25755936
1,2,0.2610624
1,2,0.25571337
1,2,0.2306443
1,2,0.25785232
1,2,0.25893572
1,2,0.2586813
4,2,0.26032302
5,2,0.25520453
1,2,0.25581616
1,2,0.25492424
1,2,0.2530439
1,2,0.25400192
5,2,0.25473726
1,2,0.25528455
1,2,0.25397772
5,5,0.23168153
3,2,0.2599771
1,2,0.25595713
1,1,0.25576103
1,2,0.26164165
1,2,0.2602784
1,2,0.2585655
1,2,0.2586815
1,2,0.2577411
2,2,0.25490648
1,2,0.25733393
5,5,0.23406574
5,2,0.25586057
5,2,0.23862565
1,1,0.25626498
5,2,0.25270367
5,2,0.25568384
5,2,0.2551003
2,1,0.2572364
1,2,0.25598863
1,2,0.2606083
1,1,0.25439233
1,2,0.2598722
1,1,0.26283607
1,2,0.25619742
1,1,0.25702104
1,2,0.25732696
1,2,0.2559917
1,2,0.26045886
2,2,0.25775707
1,2,0.25743592
1,2,0.25500217
1,2,0.2587759
1,2,0.25890636
1,2,0.25959644
5,4,0.23989719
1,2,0.25956643
1,2,0.25705415
5,1,0.25913757
5,1,0.26664525
1,2,0.25842494
5,5,0.24139151
1,2,0.2601521
5,2,0.25991315
1,2,0.2572817
1,2,0.25714108
1,2,0.2594519
3,2,0.25682938
1,2,0.2578056
4,2,0.25935194
5,2,0.25016236
1,2,0.2536559
1,2,0.25781542
2,2,0.260451
1,2,0.25671104
1,5,0.25134504
2,2,0.2595178
5,2,0.25514516
4,2,0.2617288
1,1,0.25437036
1,1,0.21623191
3,2,0.25341392
1,2,0.25720918
1,1,0.26031223
1,2,0.2610679
2,2,0.25523883
1,1,0.25836715
1,2,0.23376806
1,1,0.25874475
5,2,0.25635618
1,2,0.25584537
1,2,0.25537148
1,2,0.2609927
1,2,0.25867817
4,2,0.2601876
5,2,0.25774038
1,2,0.25536647
1,2,0.25812417
5,2,0.25408515
5,4,0.2557088
1,2,0.25749218
5,2,0.25915122
1,2,0.25649258
1,2,0.255762
1,2,0.2576519
1,2,0.2600816
5,1,0.2547545
5,2,0.2565612
1,2,0.26011202
5,2,0.2558738
1,2,0.2567491
1,2,0.25493443
1,2,0.2581003
5,5,0.2425393
5,2,0.25637937
1,1,0.26083812
1,2,0.25498307
1,2,0.2520597
4,2,0.26022175
1,2,0.25914893
4,5,0.2365629
1,1,0.25397748
1,1,0.25228283
1,2,0.25917798
5,2,0.25842845
1,2,0.2582674
4,5,0.24463624
1,2,0.25389922
5,2,0.26035386
1,2,0.2570857
3,2,0.25897914
1,2,0.2573812
1,2,0.2594233
1,2,0.25859416
1,2,0.2584433
1,1,0.25520897
3,2,0.25713974
1,2,0.25820258
1,2,0.2608579
1,2,0.25754678
1,2,0.25749916
4,2,0.2531053
5,2,0.25699797
1,1,0.26347056
5,5,0.23337893
1,2,0.25809133
1,2,0.25865874
5,2,0.25619033
1,2,0.25981703
1,2,0.2576199
4,1,0.25501493
1,2,0.25475565
1,1,0.2556378
5,2,0.2552908
1,2,0.2591689
1,2,0.2561348
1,2,0.2631561
3,2,0.2570912
5,2,0.25394228
5,2,0.2542111
1,2,0.2576911
1,2,0.25618282
1,2,0.25783795
1,2,0.2503212
1,2,0.25383797
1,1,0.25561616
1,2,0.2574819
5,2,0.25193384
1,2,0.25742507
1,2,0.2588903
1,2,0.25733468
1,2,0.25393546
1,2,0.25209242
1,1,0.2524755
1,2,0.25564706
1,2,0.2527384
5,2,0.25816613
5,2,0.25266895
1,2,0.25954008
1,2,0.26001078
5,2,0.25680757
5,2,0.25876084
1,2,0.2569104
5,2,0.25018433
1,2,0.25580454
5,2,0.2570698
1,2,0.2571658
5,2,0.26025072
1,2,0.2596037
4,2,0.26211908
5,2,0.2569121
1,2,0.2575061
2,2,0.2579641
1,2,0.25797775
1,2,0.25505134
4,2,0.25515428
1,1,0.26448196
5,2,0.25237098
5,2,0.25364614
1,1,0.2566658
1,2,0.25809857
1,1,0.25769967
1,2,0.2610943
1,2,0.25644806
1,2,0.26073533
1,2,0.26019225
2,2,0.25775954
1,2,0.25922495
1,2,0.26059842
5,2,0.25197417
1,2,0.2610717
1,2,0.25403807
1,2,0.2571868
1,2,0.25938055
1,2,0.2534665
5,2,0.25760716
1,2,0.25540477
1,2,0.25453037
2,2,0.25798044
1,2,0.25573787
1,2,0.26062292
5,2,0.25563785
5,5,0.24561198
1,2,0.2621282
5,2,0.25437295
1,2,0.25905707
5,2,0.2591962
1,2,0.2578224
5,2,0.25592694
1,2,0.2581805
5,2,0.25402144
2,2,0.2558862
5,2,0.25695148
4,2,0.25324252
4,2,0.2585129
5,5,0.27083275
1,2,0.2553908
1,3,0.21246152
1,1,0.2548607
1,2,0.25842485
5,2,0.25439328
5,5,0.24753913
3,2,0.25730813
5,2,0.25482136
1,2,0.25607258
1,2,0.25784737
5,5,0.24571918
1,2,0.25586852
5,2,0.25140554
1,2,0.26184347
5,2,0.25374115
1,2,0.25597635
2,2,0.25447938
5,2,0.2532572
4,2,0.25948688
1,2,0.25557315
5,2,0.25614637
3,2,0.25328264
1,5,0.23344316
1,2,0.25611848
5,2,0.25304383
1,2,0.25838888
1,1,0.26031893
1,2,0.25882366
2,2,0.26124176
1,2,0.25860652
1,2,0.2585667
1,2,0.2541139
1,2,0.25309467
5,5,0.24684492
1,2,0.25686795
1,2,0.25987598
5,4,0.24006358
5,2,0.25888696
5,2,0.2541714
1,2,0.2605445
5,2,0.25830033
4,2,0.25527397
1,2,0.25560075
5,5,0.2300383
1,2,0.25577167
4,1,0.2595255
1,2,0.25664285
1,2,0.254588
1,2,0.25861552
1,2,0.25498196
1,2,0.25607842
5,2,0.2567989
1,2,0.2570933
3,2,0.25678885
1,2,0.25562453
1,2,0.25880352
1,2,0.2593966
1,2,0.25437787
1,2,0.25876486
2,2,0.25452533
1,1,0.25168654
1,2,0.257983
5,2,0.24725614
1,2,0.25739118
1,1,0.25529444
3,2,0.25558597
1,2,0.25461215
1,2,0.25562724
5,4,0.24786645
1,2,0.2559509
5,2,0.25721487
1,5,0.23379499
1,2,0.25617564
1,2,0.25736493
1,2,0.25728786
5,2,0.26194695
5,2,0.26020005
1,2,0.26084113
1,2,0.25560245
1,2,0.2595794
1,1,0.25773752
2,2,0.25773948
2,2,0.25476265
1,1,0.2536828
1,1,0.25599125
1,2,0.25747502
5,2,0.2567096
1,2,0.2593311
1,2,0.25331277
1,2,0.25819522
1,2,0.26026493
1,2,0.25628608
1,2,0.25674555
5,5,0.22518303
4,5,0.2365179
4,2,0.2542017
1,2,0.25530824
5,2,0.25862047
1,2,0.2557679
5,2,0.2577025
5,1,0.26455975
1,2,0.25716382
1,2,0.25981298
1,2,0.25569656
1,2,0.25667876
1,2,0.25573516
5,2,0.2554354
5,2,0.2587415
5,2,0.25392556
1,2,0.2582584
5,2,0.2549401
1,2,0.2546123
1,2,0.2593114
1,1,0.25304356
1,2,0.25535274
1,2,0.2567763
1,5,0.24498959
1,2,0.25603765
1,2,0.25606042
1,2,0.2612956
5,2,0.25285864
1,2,0.26163104
2,2,0.25966492
1,2,0.26007518
4,2,0.25472933
4,2,0.25049293
5,2,0.25681078
5,2,0.25209418
3,2,0.25669187
4,2,0.25440547
5,2,0.2561278
1,2,0.26021072
1,2,0.2567841
5,2,0.259577
1,2,0.25833362
5,2,0.25581804
5,2,0.25731358
1,2,0.25570196
4,2,0.25476792
1,2,0.25832596
4,5,0.26346388
2,2,0.2582789
5,5,0.25624093
1,2,0.2606823
5,2,0.25170296
1,2,0.25755963
1,1,0.25925568
1,2,0.25912184
1,2,0.25530863
1,2,0.25680566
5,2,0.2544131
1,1,0.26093924
1,2,0.25789103
5,2,0.2558019
1,2,0.2577841
1,2,0.2576182
1,2,0.25934786
1,2,0.25493002
1,2,0.25500017
1,2,0.2588429
1,2,0.26019382
1,1,0.26234344
1,2,0.25519288
2,2,0.2583499
1,2,0.2577758
5,2,0.2562292
2,2,0.25753334
1,1,0.26038614
5,2,0.25714755
1,2,0.25685883
5,2,0.24521261
2,1,0.26156458
1,2,0.2607414
5,2,0.2573616
3,2,0.25538045
1,2,0.25639674
1,2,0.26140684
5,2,0.25764868
1,2,0.2587913
1,2,0.2550429
5,2,0.2615978
2,2,0.25698113
5,2,0.2524088
1,2,0.25880614
1,2,0.25531477
4,2,0.24715514
1,2,0.25857738
1,1,0.25271827
5,2,0.25478697
1,1,0.25851467
1,2,0.25614044
1,1,0.25597596
1,2,0.25836778
1,2,0.25518596
1,2,0.24651124
1,2,0.25420228
1,2,0.26030916
1,2,0.25896958
1,2,0.2580125
5,2,0.25319412
1,2,0.25777072
5,5,0.26308432
1,2,0.25408494
1,2,0.25914463
5,2,0.25548062
3,2,0.2572887
1,2,0.25391746
1,2,0.26124993
3,2,0.2561835
2,2,0.25098714
1,2,0.25625873
5,2,0.25683582
1,1,0.25185537
1,2,0.23084754
4,2,0.25473362
2,2,0.25950107
1,5,0.22076187
1,1,0.25401488
1,2,0.25748327
5,2,0.25726292
1,2,0.25639084
1,2,0.25815615
1,2,0.25536868
2,1,0.26233062
1,2,0.25466317
5,2,0.2562519
1,2,0.25522283
5,2,0.2522006
1,2,0.24469464
3,2,0.25464192
4,3,0.21246152
1,2,0.25477973
1,2,0.25766623
4,2,0.25868148
1,2,0.25550693
1,2,0.2576898
1,2,0.25740856
1,2,0.26025775
2,2,0.26078478
3,2,0.24658741
1,2,0.26030043
4,5,0.24793717
5,1,0.25586587
2,2,0.25475928
1,2,0.2572102
3,5,0.23176184
2,5,0.24340662
1,2,0.25943807
5,2,0.25589028
3,2,0.25119808
4,2,0.2579278
1,2,0.26037884
3,2,0.2597771
5,5,0.2449053
1,2,0.25788626
5,2,0.25170243
1,2,0.25385895
2,1,0.252136
1,2,0.2594847
1,2,0.2533241
1,2,0.25827974
1,2,0.25933778
1,2,0.263953
4,2,0.25235498
1,2,0.2603902
1,2,0.2604346
2,2,0.25819963
5,2,0.25443047
1,1,0.26136106
2,2,0.25868455
1,2,0.25855032
1,2,0.25570026
1,2,0.257431
1,1,0.2609524
1,5,0.2474158
1,2,0.2560992
1,2,0.25860646
1,2,0.2591646
1,2,0.2553247
1,2,0.25487846
1,2,0.2560727
4,5,0.23462601
3,2,0.25568184
3,5,0.21775907
1,2,0.25739485
1,2,0.2557549
1,2,0.2572935
1,2,0.25746176
5,2,0.26048195
1,2,0.25404796
5,2,0.25355786
1,1,0.2598397
2,2,0.25813928
1,1,0.26417297
1,2,0.2529521
2,1,0.26374656
3,2,0.25239214
5,2,0.24480563
3,2,0.25611526
1,2,0.25598118
1,2,0.25797412
5,2,0.25395045
1,2,0.2515067
1,2,0.25540668
1,1,0.25856698
1,2,0.25757334
1,2,0.25811934
1,2,0.25612953
2,2,0.25883028
1,2,0.26014936
5,2,0.25880924
1,2,0.25611973
1,2,0.25390452
3,5,0.22945955
1,2,0.25858954
3,2,0.25637722
1,2,0.25428423
5,2,0.2623813
1,2,0.25598595
1,2,0.2568942
5,2,0.2571926
1,2,0.25668392
4,2,0.25535744
5,2,0.2631447
2,2,0.25748062
5,2,0.2580419
1,2,0.25791863
1,2,0.25394586
1,2,0.25726387
1,2,0.25683373
5,2,0.2546629
1,2,0.2561939
2,2,0.25816554
5,2,0.26151133
1,2,0.26063272
3,2,0.25804067
1,2,0.25715595
1,2,0.25886172
1,2,0.25337583
1,2,0.259435
5,2,0.2555453
1,2,0.2547046
1,2,0.2572141
1,2,0.25722352
1,2,0.2528842
5,2,0.24037495
5,2,0.26070565
1,2,0.2589011
1,2,0.26006046
1,2,0.25470763
5,5,0.24271818
1,2,0.25707328
5,2,0.25423637
1,1,0.25235367
1,2,0.25611052
1,1,0.25514987
4,2,0.2569696
1,2,0.25970688
1,2,0.25473297
1,1,0.25452206
5,2,0.25254655
5,2,0.26318967
1,2,0.25731996
1,2,0.2577937
5,2,0.23258604
1,2,0.2598971
1,1,0.25673035
1,2,0.25980756
1,2,0.25999662
5,2,0.25608584
1,2,0.2610588
1,2,0.2545495
1,2,0.25772235
1,2,0.2550559
5,2,0.22264913
5,5,0.26974094
1,2,0.25734103
1,1,0.25279874
5,2,0.25595626
1,2,0.2509096
1,2,0.25854567
5,2,0.2565885
1,2,0.25656477
1,2,0.23269399
1,2,0.25808188
1,2,0.25300634
3,2,0.25292948
1,2,0.25695136
4,5,0.2703281
3,2,0.25905156
1,2,0.25790668
1,2,0.26031712
3,2,0.25969636
4,5,0.23269068
5,2,0.25268823
1,2,0.2554966
1,2,0.2569894
1,1,0.25537997
2,2,0.25802705
1,2,0.25520504
5,5,0.2608514
1,2,0.25904983
1,2,0.2606741
3,2,0.25374022
5,2,0.25381857
1,2,0.26057667
1,2,0.2580658
1,1,0.25646302
4,2,0.25951663
1,2,0.25383744
5,2,0.2609697
2,2,0.256263
5,2,0.25041282
1,2,0.25776613
1,2,0.25473037
5,2,0.23298076
1,2,0.2567927
5,5,0.25370246
1,2,0.2585996
5,4,0.23760276
1,2,0.25742635
4,2,0.2566191
1,1,0.25383976
2,2,0.25468382
1,2,0.2588133
1,2,0.2567311
1,1,0.25341523
1,2,0.25617433
1,2,0.25757828
2,2,0.25919047
5,2,0.23217921
1,2,0.2554207
1,2,0.2571934
1,2,0.2566386
5,2,0.26180637
1,2,0.25627786
5,1,0.25617242
1,2,0.25893876
5,2,0.25206494
1,2,0.25712308
1,2,0.258129
1,2,0.2587108
1,2,0.25590745
5,2,0.25762576
3,2,0.25908205
4,2,0.24952808
1,2,0.26263455
1,2,0.2558132
1,2,0.25437987
4,2,0.25960836
1,2,0.25988322
4,2,0.25798294
1,2,0.2559258
3,2,0.23632091
5,2,0.25382045
1,2,0.2573658
3,2,0.2563727
4,2,0.25932163
5,2,0.2614455
1,2,0.25798643
5,5,0.27170235
1,2,0.2581857
1,2,0.25918016
3,2,0.25602397
1,2,0.25711185
1,2,0.25515488
1,2,0.25694212
1,2,0.2588531
1,2,0.25887457
1,1,0.25726828
5,2,0.25707936
1,2,0.25296906
5,2,0.25098082
1,2,0.25975195
1,2,0.25603527
1,2,0.25808233
1,2,0.2566074
2,2,0.25208256
1,2,0.25749472
1,2,0.25651747
1,2,0.2590629
5,5,0.23709814
1,2,0.25551876
1,5,0.23230824
1,1,0.2566306
1,2,0.26133883
2,1,0.25728056
3,2,0.25720415
1,5,0.22303165
1,2,0.25636628
4,2,0.26059732
1,2,0.26051992
2,2,0.26344523
1,2,0.24031457
4,2,0.25967935
1,2,0.2605975
1,2,0.25637466
2,2,0.2596905
1,2,0.25625908
5,2,0.25690365
1,2,0.25826502
1,4,0.2493552
5,2,0.2542126
1,2,0.2599683
5,5,0.24841948
1,2,0.25738072
1,1,0.2529259
1,2,0.25851223
3,2,0.2572723
5,2,0.2530075
2,2,0.2614921
5,2,0.25858882
5,2,0.2569554
1,2,0.25678495
1,2,0.25679326
1,2,0.25426874
1,2,0.26312768
1,2,0.25592214
1,2,0.2559242
1,2,0.2565795
5,2,0.25377244
1,2,0.25896606
3,2,0.2578973
5,2,0.2574369
4,2,0.25222504
5,2,0.25782743
1,2,0.25601658
5,2,0.2586773
1,2,0.25927925
5,2,0.2610123
2,2,0.25329593
1,2,0.26086044
4,2,0.2549163
1,2,0.2581393
3,2,0.25629562
5,2,0.2550928
1,5,0.24702275
1,2,0.25668365
5,2,0.25543317
2,2,0.256581
1,1,0.2528569
1,2,0.2553373
1,2,0.26020783
5,2,0.25562692
1,2,0.25697324
1,2,0.2583148
1,2,0.25268352
1,2,0.2599538
1,1,0.25462455
1,5,0.24475996
4,2,0.257492
1,1,0.2611985
1,1,0.25902215
3,2,0.25688314
1,2,0.25856683
1,5,0.22641577
5,2,0.2610063
3,2,0.2589443
4,2,0.25791943
1,2,0.25791454
1,2,0.2580737
4,2,0.25613356
1,2,0.2611563
5,2,0.25478485
1,2,0.25623816
2,2,0.25513706
4,2,0.259893
1,1,0.26153156
1,2,0.25825995
5,2,0.2526486
5,2,0.25493333
5,2,0.25850964
5,5,0.24455927
5,5,0.26583716
1,2,0.261358
1,2,0.2587829
4,2,0.25944787
1,2,0.25762957
5,2,0.25397807
1,2,0.2585192
5,2,0.2573539
1,2,0.2571797
5,2,0.25802192
1,2,0.25785562
4,2,0.25266927
5,5,0.23520361
1,2,0.2575469
1,2,0.2591617
1,2,0.264418
1,2,0.26007885
1,2,0.25383103
1,2,0.25943664
1,2,0.25945178
5,5,0.26413992
1,2,0.2572392
1,1,0.25581008
1,2,0.2570704
1,2,0.2587182
5,2,0.26018602
5,4,0.24776812
1,2,0.25815743
5,2,0.25529352
1,2,0.25941244
2,2,0.25810558
1,2,0.25537664
1,2,0.25739962
1,1,0.25506282
1,1,0.25617763
3,2,0.2554359
1,2,0.2577762
1,2,0.25568596
5,2,0.2552541
5,2,0.25581533
3,2,0.26075453
5,5,0.25547475
1,2,0.25348687
1,2,0.25150618
3,2,0.24844937
1,2,0.25964332
1,1,0.26558554
1,2,0.25891832
1,2,0.25592235
1,2,0.26419142
1,2,0.25898162
1,2,0.25363666
5,2,0.259038
5,2,0.25569966
1,2,0.25853026
1,2,0.25357077
1,2,0.2557812
5,5,0.24979189
1,1,0.2524392
1,2,0.2591538
1,2,0.25910914
1,2,0.2576177
1,2,0.25606233
1,2,0.25848326
5,5,0.24471451
5,5,0.25644237
1,2,0.2551315
5,2,0.25536394
1,2,0.25621757
3,1,0.2510478
4,2,0.2591617
1,5,0.22931106
1,1,0.2563425
1,2,0.25467345
5,2,0.25706735
1,2,0.2570109
5,2,0.25863442
5,2,0.25068837
5,2,0.2611229
4,2,0.25396246
2,2,0.25986254
5,2,0.2568295
5,2,0.25658348
1,2,0.25710866
1,2,0.26020482
5,2,0.25581682
1,2,0.25831252
4,5,0.24287271
1,2,0.25923425
1,2,0.24350491
1,2,0.25533548
5,2,0.2573072
5,2,0.2574714
2,2,0.26120347
1,2,0.25940567
1,2,0.25786006
5,4,0.24348459
3,2,0.25417998
1,2,0.25887188
1,2,0.25921184
5,2,0.25447538
1,2,0.2564971
1,2,0.25756666
2,2,0.25800246
5,2,0.25489837
1,2,0.25410053
5,2,0.25641587
1,2,0.25354528
5,4,0.23760098
1,2,0.2595431
5,2,0.2590868
4,5,0.22110617
2,2,0.25868663
1,2,0.25703675
1,2,0.25622842
1,2,0.26067543
1,2,0.25852963
1,2,0.26036724
1,2,0.25323644
1,2,0.25673926
1,2,0.25793558
5,2,0.25027463
1,2,0.2596403
1,2,0.25333816
5,2,0.2559518
1,2,0.25773442
5,5,0.2420659
1,2,0.2518275
3,2,0.2587648
1,2,0.25932875
1,1,0.2556328
4,2,0.25361437
4,2,0.2554774
1,2,0.25685358
1,2,0.2563847
1,2,0.25692043
1,2,0.2605694
1,2,0.26039243
5,2,0.25772586
1,2,0.25053066
5,2,0.25690746
1,2,0.25338084
4,2,0.2565359
1,2,0.2565525
1,2,0.25966832
1,2,0.2602325
1,2,0.25631782
1,2,0.25591257
1,2,0.25285614
1,2,0.25642267
1,1,0.25629702
1,2,0.25849608
1,2,0.2607817
5,2,0.26031104
5,2,0.25740263
1,2,0.25514644
1,2,0.2556659
1,2,0.2579664
1,2,0.25484255
4,2,0.25580114
1,2,0.25797963
1,2,0.25920796
1,2,0.26089272
1,2,0.25851503
5,2,0.25096563
1,2,0.25971988
1,2,0.25766286
1,2,0.25282985
1,2,0.25359136
5,5,0.2591314
1,2,0.2563635
1,2,0.2562215
2,2,0.25707072
1,2,0.25724402
1,2,0.25472727
3,2,0.25714806
1,2,0.25424832
1,2,0.25896522
1,2,0.2576417
1,2,0.2589712
1,1,0.25232235
1,2,0.25879458
1,2,0.2618417
1,2,0.25955787
5,2,0.2613508
1,2,0.25451565
2,2,0.25618327
1,2,0.2590359
1,2,0.25564778
5,2,0.2618754
1,1,0.26514447
1,2,0.25973073
1,2,0.2567082
5,2,0.25422212
5,2,0.24911855
1,2,0.2592212
5,5,0.22537239
1,2,0.2532486
1,1,0.2648816
1,2,0.2585537
1,1,0.25607458
5,4,0.25407627
1,2,0.2516416
1,2,0.25589797
1,2,0.2569605
1,2,0.2602131
4,4,0.23414524
2,2,0.25550327
1,2,0.25817788
1,2,0.25653088
1,2,0.257158
1,2,0.25751504
3,2,0.2523696
1,1,0.25648028
1,2,0.26055434
1,2,0.25375393
1,2,0.2529433
1,2,0.25961357
1,2,0.25901788
1,2,0.25578368
1,2,0.25936073
4,2,0.25616434
1,2,0.26126474
1,2,0.2561679
5,2,0.25868323
1,2,0.25706494
1,2,0.25511667
4,2,0.24763559
5,2,0.25733516
1,2,0.25561753
1,1,0.266297
1,2,0.25783405
1,2,0.2584961
4,2,0.25945964
1,2,0.2594561
5,5,0.28797135
4,2,0.25952592
1,2,0.26006094
5,2,0.2578095
1,2,0.25471944
1,2,0.25668547
1,2,0.25664282
3,5,0.2318284
1,2,0.25695068
1,1,0.2560804
1,2,0.25817716
1,2,0.25377756
1,2,0.25693682
1,2,0.2591565
1,2,0.26056877
4,2,0.2555093
1,2,0.25992826
1,2,0.25588807
1,2,0.258276
1,1,0.25186116
1,2,0.25958735
5,2,0.25622678
2,2,0.25715652
4,2,0.25648722
1,2,0.2575352
4,2,0.2583333
5,5,0.27837995
5,2,0.24256122
5,2,0.25614768
1,2,0.2560716
1,2,0.2565777
5,1,0.2583101
4,2,0.25843427
1,2,0.2594712
1,2,0.25702873
1,1,0.2659944
5,2,0.25530824
1,2,0.2592237
1,2,0.256673
1,1,0.26173156
1,2,0.2581831
5,2,0.25833455
4,2,0.25589618
1,2,0.2531846
1,2,0.26175308
1,2,0.25846186
5,2,0.25826284
1,1,0.26291686
1,2,0.2572116
5,5,0.26545238
3,2,0.25588465
1,2,0.25305945
5,1,0.25799268
1,2,0.26004535
5,2,0.2563528
1,2,0.253932
5,2,0.25932783
1,2,0.253863
5,2,0.25266266
3,2,0.25881922
1,1,0.25775775
1,2,0.25218406
1,2,0.26281148
1,2,0.2517684
5,2,0.26038638
1,2,0.2576304
5,2,0.25564727
1,2,0.2606255
1,2,0.25890854
1,2,0.25841516
1,1,0.2646877
1,2,0.258788
5,2,0.2520731
1,2,0.2547851
5,2,0.25838527
1,2,0.25656435
1,2,0.25319004
4,2,0.2573784
1,2,0.25662643
1,1,0.25906938
1,2,0.25830433
2,2,0.2555221
1,2,0.2588283
1,2,0.25629035
1,2,0.26033998
1,2,0.25382778
1,2,0.26113522
3,5,0.23948255
1,2,0.2640196
1,2,0.2570542
1,2,0.2584081
1,2,0.25663814
1,2,0.25702995
5,2,0.25403252
1,2,0.25875157
1,2,0.2557077
2,2,0.25633177
5,5,0.22578502
1,2,0.26024973
1,2,0.2543854
2,2,0.25721192
1,2,0.25612682
1,2,0.25881526
1,2,0.24981381
1,2,0.2618435
2,2,0.25129527
2,5,0.23505202
1,2,0.2612687
1,2,0.25853178
1,2,0.2606168
4,4,0.22326837
1,2,0.2615654
1,2,0.25394043
1,2,0.25223577
1,2,0.25732264
4,2,0.2579094
2,2,0.2525771
5,1,0.25493538
5,2,0.25785035
1,2,0.25697795
1,2,0.26020905
2,2,0.25841895
1,2,0.25733086
1,2,0.25747028
1,2,0.25638172
1,2,0.2555134
1,1,0.2565783
5,2,0.25928587
1,2,0.25915518
1,2,0.2565836
1,2,0.26026002
1,2,0.25503418
1,2,0.26127997
1,2,0.25759768
1,2,0.24115035
1,2,0.25511253
1,2,0.25595823
1,2,0.2591592
1,2,0.25853628
2,2,0.25751674
1,2,0.25870284
1,2,0.26158
2,2,0.25874
1,2,0.25678074
1,2,0.26214516
2,2,0.2571231
1,2,0.2567535
1,2,0.25673524
1,2,0.2602812
1,2,0.25985697
1,2,0.25724033
5,2,0.24941112
1,2,0.25643918
4,2,0.2560693
1,2,0.2590049
1,2,0.2590946
1,2,0.25496778
1,1,0.25074503
1,2,0.25720412
5,2,0.2596338
2,2,0.25760177
4,4,0.23506512
5,2,0.24383847
5,2,0.26012707
1,2,0.26090154
1,2,0.25476602
1,2,0.25700578
1,2,0.25447866
5,2,0.25733417
1,2,0.25449893
1,1,0.2560977
1,2,0.25923225
5,2,0.25874814
1,2,0.25736943
1,2,0.2576115
1,2,0.2592277
5,4,0.24914046
1,2,0.26004666
1,2,0.25188577
4,5,0.26318425
1,1,0.25854072
1,2,0.26126745
1,2,0.25349495
1,2,0.2587841
5,5,0.2410061
1,2,0.25859746
1,1,0.25737965
1,2,0.2582721
5,5,0.25457573
1,2,0.25479928
1,2,0.25506634
1,2,0.26057747
1,1,0.2531326
1,5,0.21682182
5,2,0.2593385
4,5,0.24602164
5,5,0.24498755
1,2,0.25832915
4,5,0.25384018
5,2,0.26215148
1,1,0.25403526
1,2,0.25795382
1,2,0.25825664
1,2,0.25565368
1,2,0.2577976
1,2,0.25940734
1,1,0.252993
5,2,0.24950759
1,2,0.25714365
1,2,0.25520015
1,2,0.25269592
1,2,0.25904992
5,5,0.24680966
1,2,0.25425696
2,2,0.2592354
5,5,0.25689095
1,2,0.25669453
1,2,0.25851393
1,1,0.25614256
2,2,0.2596605
4,2,0.2605444
1,2,0.25851977
2,2,0.259241
1,2,0.25829434
1,2,0.25667742
1,2,0.25676915
1,2,0.25756794
1,2,0.26326168
1,2,0.25605452
2,2,0.25356755
1,2,0.25964776
1,2,0.2589428
1,2,0.2585746
1,2,0.25890562
1,2,0.25530592
5,2,0.26156503
1,2,0.2575678
1,2,0.26110658
1,1,0.2559274
5,2,0.23610929
1,2,0.25862235
1,2,0.26203164
2,2,0.25744784
1,2,0.2565131
3,2,0.25641826
1,2,0.2510222
1,1,0.25708213
1,2,0.26013395
2,2,0.2582737
5,5,0.26721326
1,2,0.26123247
1,2,0.2539239
5,2,0.2588611
