true_rating,predicted_rating,predicted_value
1,3,2.6488376
3,4,3.6234963
1,3,2.552376
1,2,2.3297772
1,2,2.1874256
5,5,5.0527916
1,3,3.10287
1,2,2.2885845
1,3,3.2324345
1,2,2.4896789
5,3,2.7899947
5,4,3.9553246
5,4,4.015363
3,3,2.949218
1,2,2.1172059
5,3,3.1290224
5,4,4.0583396
1,2,2.3995697
1,3,2.7377706
1,2,1.9323238
1,3,2.5720978
1,3,2.9110985
1,2,2.262277
1,2,2.2596254
5,5,5.1567287
1,3,3.1163883
1,2,2.362618
1,3,2.6938274
1,3,2.6810398
1,4,3.524066
1,2,1.9695833
2,2,2.2759087
1,2,1.9522666
5,5,5.688048
1,2,2.4096398
1,3,2.643403
2,3,3.259218
4,3,2.8803136
1,3,2.648947
2,3,2.913808
5,4,4.125399
1,3,3.0037942
5,3,3.042493
5,5,4.695376
1,2,1.684278
1,5,4.7197146
1,3,2.8277977
1,4,3.7864707
1,2,2.2478127
4,5,5.3230033
1,3,2.624257
2,3,3.3624432
2,2,2.1315162
1,2,1.8807093
1,3,2.8443265
1,2,1.5459678
2,2,2.0404258
5,5,5.172765
1,4,3.534527
1,3,2.5474389
4,4,4.084934
1,3,3.1751208
1,2,2.1381435
1,2,2.0471559
1,2,2.1587265
1,3,2.5205421
5,4,4.444665
5,4,4.3728304
3,4,3.9086778
1,2,1.9375376
5,5,4.7460475
1,4,4.0872307
1,2,2.0475838
1,2,2.3463964
2,2,1.6608185
1,2,1.8343431
1,2,2.2964623
1,3,2.5932515
1,3,2.8789642
5,5,4.9392853
1,2,2.427748
5,5,4.8573475
5,5,4.768629
1,2,2.3949273
1,2,2.4613507
5,4,4.050224
4,3,3.1525729
1,1,1.4275594
1,4,4.466069
5,3,2.592172
5,4,4.018783
5,5,4.983995
1,2,2.2832658
1,2,2.4596264
3,3,2.838915
5,5,4.8934865
1,3,3.4332397
1,3,2.9031165
1,2,2.480255
5,3,2.6631396
1,2,2.3852956
1,2,1.9448229
2,3,2.882365
5,3,2.7528555
4,3,3.39094
1,3,2.8882582
4,5,4.570745
1,2,2.4577932
1,3,2.9621797
1,2,2.1743436
5,4,4.2690687
4,4,4.108447
1,2,2.4196222
5,4,3.6881893
1,3,3.2871974
5,4,3.8876517
1,3,2.5912895
1,2,2.3370304
3,3,3.1583872
1,2,1.9243977
1,2,2.4776735
5,4,3.6478846
1,2,2.3296773
1,2,2.0886855
1,2,2.4820778
4,5,4.723826
5,5,5.0891237
1,2,2.1502492
1,2,2.3894517
1,3,2.7316942
1,3,2.6306174
1,3,2.6765482
2,3,2.9496064
1,2,2.4211466
1,2,2.4524362
1,3,3.3049054
5,4,3.6877987
1,3,2.8256168
5,2,2.4070287
5,5,4.6504507
1,2,2.1595395
1,3,2.8593066
1,2,2.2892096
3,2,2.2117665
5,5,4.588752
1,3,2.690755
4,5,4.862803
1,3,2.6319225
2,3,2.8669045
1,3,2.818324
1,3,2.7018647
1,3,3.065833
5,5,5.3024726
4,4,4.2051215
1,3,2.615675
4,4,3.6452997
1,2,1.9775499
1,2,2.3205712
1,3,3.2003312
1,2,1.694757
1,2,2.1581597
1,2,2.4446785
1,3,2.6453214
1,2,1.7745446
2,3,2.6528966
1,2,1.8719953
1,2,2.1768472
5,5,5.070521
1,3,3.2708364
5,5,5.0058117
1,2,2.0585847
5,4,4.4086094
1,4,3.5936673
1,2,2.3441699
1,2,2.3928416
4,4,3.8060603
2,3,3.2115188
1,2,1.8386005
1,4,3.6713743
2,4,3.557891
1,3,2.5896785
1,3,2.6593862
2,3,2.711836
2,3,2.6679165
1,2,2.0092812
1,2,1.8008492
1,2,1.79402
5,5,4.9189506
1,2,2.3968565
5,5,4.736116
1,2,2.45381
2,3,2.7205694
2,3,2.692883
1,3,2.671549
1,5,4.547803
2,2,1.8088725
5,4,3.517777
5,4,3.779166
5,5,4.934139
1,2,2.2720714
2,3,2.899142
1,2,2.390645
1,3,2.5998821
1,1,1.3823668
4,4,4.0817666
1,3,2.5360312
1,3,2.8087997
1,3,3.303559
1,2,2.3468153
5,4,4.0368676
5,4,4.108558
1,3,3.0018585
1,3,3.3451989
2,3,2.6486793
1,3,2.7985597
5,5,4.8083706
5,5,5.133799
1,2,2.3295388
2,2,1.966963
5,5,4.8043694
5,4,3.9611466
1,3,2.5330293
4,4,3.518364
5,4,4.398601
1,3,2.5333397
2,4,3.5794528
2,3,3.4479465
1,2,2.2274268
1,2,1.9716612
4,4,3.6204276
5,3,3.3811762
5,4,4.493667
4,4,4.4717264
1,4,3.677975
2,3,2.9012368
1,2,2.419679
5,3,3.3077555
1,2,2.332531
1,3,2.657076
1,3,2.8923922
1,3,2.5661967
1,2,2.0383873
1,2,2.1903527
1,2,2.426403
1,3,2.5696118
5,4,4.1338305
5,3,3.1978328
5,4,4.134899
1,2,2.1196961
5,4,4.2964587
1,2,1.6915623
1,2,2.4805658
5,5,5.1696825
1,3,3.3019729
4,5,4.984872
1,3,2.6892152
3,4,4.3406577
4,5,4.5898705
4,3,2.934703
1,3,2.625254
1,2,1.9977522
1,2,1.5768161
1,3,3.1121116
1,2,2.2037354
1,3,3.3433993
1,2,2.4964874
3,5,5.5571136
1,3,2.7700124
1,3,2.6963012
5,5,4.6382704
2,3,3.2292335
1,3,2.8600905
1,2,2.1917279
5,4,3.7070434
4,4,4.0190015
1,2,2.4444735
1,2,1.8005563
1,3,3.1127079
5,4,3.6298897
1,3,2.7979007
2,3,3.1659565
1,2,2.417269
1,3,2.8620272
1,2,2.4956095
1,2,2.239215
5,5,5.113098
1,2,1.5931555
1,2,1.9955329
1,2,2.3848782
1,3,2.677753
1,2,1.6853238
1,3,3.0142224
5,4,4.460578
1,3,2.6993802
1,3,2.5525005
1,3,2.6624029
1,3,3.2880373
1,2,1.8684621
3,2,2.495702
5,4,4.1877666
5,4,4.4638286
1,3,2.6325912
1,3,2.9026914
1,3,3.1796293
1,2,2.2555323
1,3,2.659905
1,2,2.0628047
1,3,2.8330312
1,2,2.2423537
1,3,3.2342107
5,5,5.009041
1,2,1.8794706
5,5,4.6678853
1,3,2.5645335
1,2,1.943055
5,4,3.5397377
1,2,2.0857527
4,3,2.9919927
1,2,2.118025
1,3,3.0131671
1,2,2.466872
1,2,1.878339
1,2,2.4201448
1,1,1.4008515
1,3,3.3493915
1,2,1.7048839
5,5,5.4033313
5,5,4.6626644
1,4,3.5701807
5,4,3.727893
5,4,3.862203
1,2,2.0585291
5,5,4.5331335
1,2,2.4287162
2,3,3.0861828
1,3,3.4737966
1,3,3.0327332
1,4,3.8353438
5,5,4.97396
1,3,2.5476787
1,2,2.0092387
3,2,2.3346276
1,2,2.3934367
1,3,2.5396857
1,2,1.8531275
1,3,2.5257897
5,5,4.5841203
1,2,2.3251617
5,5,5.8407288
1,3,3.0515103
5,5,5.0798693
5,5,5.090446
1,2,2.3318825
4,4,4.0403266
5,4,4.082573
1,2,2.3698204
1,2,2.0991137
2,2,2.4303946
5,4,3.9411693
1,3,2.7272642
2,2,2.3591402
5,3,2.562404
5,3,3.4148128
5,4,4.083333
1,2,2.1776848
1,1,1.3357186
1,3,2.9775848
1,2,2.3513553
1,2,1.6815786
5,5,4.812591
3,2,2.4609528
5,3,3.2157211
3,3,3.091189
1,3,2.726953
1,3,3.2992277
1,2,1.9895458
5,5,5.1384773
1,2,2.2709005
1,3,3.089703
5,4,3.9818187
1,2,1.781635
1,2,1.8988686
4,5,4.5267673
1,2,2.2005816
5,4,3.68965
5,5,4.653906
1,3,2.962511
5,5,4.555767
1,2,1.8002554
2,3,2.7610695
1,3,3.1756506
1,3,2.6462486
1,2,1.7146351
1,4,4.1171236
2,3,2.8278828
3,2,2.4693642
1,3,2.6509752
1,3,2.797971
1,3,3.0178668
1,2,1.824146
1,2,2.266053
1,3,3.3418489
1,2,2.446024
5,4,3.5044
1,3,2.550863
1,3,2.72432
1,2,2.0433843
5,5,5.217181
1,3,2.6340737
1,2,2.20515
1,3,3.0629594
5,4,4.3663554
1,2,1.7701126
1,3,3.140127
5,5,5.5668206
5,3,3.2517242
1,4,3.9676692
1,4,3.7340662
1,2,2.1153092
1,3,2.9574814
1,4,4.263197
5,3,3.3544676
1,3,2.7636673
2,3,3.2602108
1,3,2.9157703
1,3,3.0177925
2,3,3.4002256
1,3,2.6963186
5,5,4.667222
1,3,2.545237
1,3,2.5272396
1,2,2.4715047
5,3,3.0093138
1,2,2.2392266
1,3,2.709865
1,2,2.2125607
1,2,2.3596883
4,3,3.4973848
5,3,3.1771202
1,3,2.6123188
1,2,2.2797067
1,2,1.9993308
1,4,3.6008873
1,3,2.625071
3,4,3.9262013
1,3,2.7943654
1,2,1.8934184
1,3,3.4765978
1,2,2.2113976
5,4,4.4546137
2,3,2.8566241
1,3,2.784765
5,4,4.1945295
1,2,2.4598312
1,2,1.9579841
1,1,1.235982
5,5,4.7814403
1,2,2.3305547
1,3,2.5055084
1,4,3.5067248
3,3,3.0081592
1,2,2.1992834
1,2,2.0595126
5,2,2.4231184
3,2,2.4194057
1,2,2.3717906
2,3,3.0393867
1,3,2.8956854
1,2,2.3806052
3,4,3.5465844
1,2,1.9087334
2,3,3.469991
1,2,2.2934594
1,3,3.3904953
1,2,2.0707169
5,5,4.7046676
1,2,2.3668146
1,2,2.2644937
1,2,2.317924
1,2,2.2646444
1,2,2.173726
5,5,5.2948594
1,2,1.9460433
5,5,4.7087345
1,2,2.2782054
1,4,3.9533532
4,4,3.8210485
1,1,1.3938755
1,3,2.6504006
1,2,2.3514888
1,3,3.343626
2,2,2.3725326
5,5,4.7564216
1,2,1.6994677
1,2,1.695712
1,3,2.8219454
1,2,2.3465083
1,3,2.8279884
1,3,2.6344259
1,2,2.0766072
5,5,4.5533624
5,4,3.9597442
1,2,2.2736442
5,4,4.20919
1,4,3.6791983
3,4,4.284616
1,2,2.4792604
5,3,2.9741664
1,2,1.7997555
5,5,4.9895267
1,2,2.3135931
1,3,2.8921998
1,2,1.9452006
1,2,2.235319
1,3,2.6066396
1,4,3.5603626
1,2,2.244559
1,2,2.232969
1,2,2.2008405
5,5,5.3156013
3,3,3.3540227
5,5,4.9604893
1,3,2.5592804
1,2,2.291453
1,3,2.8087063
1,3,3.1783826
1,3,3.3441212
3,4,3.7841341
1,2,1.9846239
2,4,3.858296
1,2,2.15393
1,3,3.201062
1,2,2.3883164
1,3,3.0934558
1,2,1.7754052
1,3,2.8543167
1,2,2.1616535
1,2,2.0358415
1,2,1.8302422
1,3,3.2136831
5,5,4.948044
1,2,2.4547458
1,2,1.8877751
2,3,2.812398
1,2,2.2570903
1,2,1.9835663
5,4,3.5836978
1,2,2.194364
1,3,3.09268
1,2,2.3656154
5,4,3.9344926
1,2,2.4664018
1,2,2.489821
1,4,4.0101237
1,3,2.6849337
5,5,4.9685965
1,3,2.5484025
1,3,3.056397
1,3,2.6293461
1,3,2.7007527
5,4,3.8892357
2,3,2.856955
4,4,4.484406
1,3,2.710892
4,5,5.7796617
1,3,3.2407014
1,2,1.9812518
1,2,1.7207493
5,5,5.502887
1,2,2.3616142
1,2,2.3023026
1,3,2.9980378
1,4,3.6305337
1,2,2.124283
1,2,1.9926008
1,3,2.5929894
1,2,2.2970953
1,2,1.5785917
5,4,4.3941255
5,4,4.4311624
3,3,2.6203763
5,4,3.691184
1,3,2.9070234
2,3,2.6094472
1,2,2.2832098
1,4,3.5993881
1,2,2.4027047
1,3,2.5163107
4,4,3.9648683
1,2,1.5053443
1,2,2.1000502
1,2,2.092496
1,3,2.5884492
1,3,2.5938547
5,3,3.490777
1,3,3.182928
1,3,2.5553205
3,4,3.6997757
1,3,3.476326
1,2,2.3003795
5,4,4.4223475
1,2,2.3516688
1,2,2.0316143
1,3,3.0487132
1,2,2.025424
1,2,2.4877288
1,2,2.411588
1,4,3.7876527
1,4,3.5352416
5,5,5.4301395
5,4,4.0370474
1,2,2.357555
5,3,3.244406
1,3,2.5860605
1,4,3.6899848
1,3,3.0429673
5,4,3.6745784
1,2,2.0911999
1,3,2.7088661
1,2,2.3421504
5,4,3.5615487
1,2,1.9028968
1,2,1.9832478
4,4,4.261666
5,5,5.658894
1,3,2.9470415
1,2,2.1077824
1,2,2.2747872
1,3,3.3729396
1,2,2.4827406
1,3,2.943032
1,3,3.151353
5,4,4.128402
1,3,3.2398174
1,2,2.351503
2,3,2.58342
1,2,2.2175076
1,3,3.1589887
5,4,3.545379
1,2,2.380831
1,2,1.9372282
5,5,4.7958717
1,2,2.3256507
5,5,4.9362445
4,4,4.28643
5,5,4.6037374
5,4,3.5829675
5,5,4.9647064
3,4,4.0150657
5,5,4.9380255
3,4,3.5985708
1,3,2.6575792
1,3,2.8500872
5,5,5.197992
5,1,1.2585435
2,3,2.8173878
5,4,3.982573
5,4,4.4052887
1,2,2.1132948
1,3,2.7501366
1,3,2.601078
1,2,2.349645
1,3,2.7131193
4,4,3.9847076
4,5,4.728914
2,2,2.3996239
1,2,2.456804
1,2,2.2395308
1,3,2.8810325
1,2,2.1469452
1,2,2.4706662
1,2,1.7975737
1,2,2.214057
1,3,2.6623306
5,5,5.0240216
1,2,1.8879402
5,4,3.5839999
1,2,2.157557
3,3,3.2903585
2,2,2.4283218
1,3,2.6171176
1,3,2.750692
1,2,1.8398677
1,4,4.3482018
1,2,2.3029027
1,2,2.3635333
3,3,2.70488
1,2,1.9987463
1,2,2.029171
1,3,3.0567176
1,2,1.6008059
5,5,4.5422196
1,3,2.566086
1,4,3.930397
5,3,3.014471
5,5,5.4690847
4,4,3.766046
5,5,5.220239
1,2,2.2155523
5,2,2.0304453
4,4,4.2519546
2,2,2.2319608
3,3,3.4055862
1,3,2.6084213
5,5,4.512258
1,3,2.6675923
2,2,2.0388398
1,3,2.6511073
1,3,2.7483954
3,3,2.8603108
3,3,2.9953403
1,3,2.6364927
1,3,2.7214682
1,2,2.384535
1,2,1.9556364
1,3,2.6239707
5,4,3.9770632
1,3,2.9793348
1,2,2.2228112
5,5,4.8317256
1,3,2.7289538
1,2,2.3720512
1,3,2.515833
4,4,4.311873
1,3,3.163236
1,3,3.0923934
1,2,1.8736509
1,1,1.455954
5,4,3.8408353
1,3,2.9273396
1,2,2.3818502
1,3,3.3249898
3,3,2.65772
1,2,2.4013724
1,2,1.8373374
2,4,3.6947598
1,3,2.9324722
1,3,2.62684
2,2,1.9448378
1,2,1.9719484
5,5,5.87402
5,5,4.788345
1,1,1.2461897
1,1,1.4300874
1,2,2.4316528
5,4,3.610111
1,2,1.5962341
1,3,2.63008
5,4,4.4842463
4,5,4.7927976
4,4,3.879962
5,4,3.8936281
1,2,2.2892249
3,2,2.3903756
1,3,2.858191
2,2,1.9851701
3,3,2.6691532
1,3,2.686042
1,2,2.4145133
5,4,3.5743792
5,3,3.1992702
1,2,2.103953
1,3,2.8379312
1,2,1.7328675
1,3,2.590171
1,2,2.1162376
2,4,3.7075968
5,5,4.701499
1,2,1.9630083
1,2,2.0828233
2,3,2.644727
1,3,2.5542188
1,2,1.7955586
1,3,2.6278162
1,2,1.9854807
1,3,2.9808617
1,2,2.2736523
1,2,2.4417646
1,2,1.8494982
1,3,3.374071
3,3,2.8652701
5,5,4.9233627
1,2,2.438084
5,5,5.674502
1,2,2.2736995
3,2,2.4659667
5,4,3.9947627
1,2,1.9060841
1,3,2.770792
4,3,3.318553
2,3,3.2450063
1,3,2.5573142
1,3,2.7389953
2,2,2.448687
1,2,2.1277285
1,3,2.6464286
1,3,2.7442908
1,2,2.4237025
1,3,2.546032
5,3,3.4794276
5,4,4.1279483
1,2,2.4301019
5,4,4.2958064
4,4,4.237317
1,3,3.2740724
1,2,1.6698093
1,3,2.828316
1,2,1.7454329
1,2,2.3558595
2,3,3.0395796
5,4,3.8951848
1,2,2.0016394
1,2,2.048504
2,3,3.187798
1,3,2.5032942
5,5,5.334352
4,4,4.362578
1,2,1.7628906
4,5,5.1674714
5,5,4.5682187
1,3,2.5765216
1,2,2.1202266
1,3,2.6328166
5,4,3.7312374
1,3,2.679548
1,2,2.2277687
1,2,2.396654
2,2,2.2829103
4,4,3.7914062
5,4,3.936009
3,4,4.212507
1,2,1.6789734
1,2,2.2834566
1,3,3.3146863
1,2,2.3305538
1,2,2.1417224
1,2,2.2328784
5,4,4.485721
1,3,2.8617175
1,3,3.0481722
5,4,4.1025634
1,3,3.4094896
5,5,5.565289
4,3,2.606444
1,3,2.5000005
1,2,1.9530818
1,3,3.4242887
3,4,3.8887632
5,4,3.5394416
1,3,3.0009048
1,4,3.948887
1,3,2.5112367
5,3,3.1038759
1,3,3.4277387
1,3,2.7616827
5,4,4.164745
1,3,3.137376
1,2,2.1201174
3,3,3.4666398
1,3,2.589375
1,2,2.4570768
1,2,2.3833845
5,4,4.255051
1,3,2.8315058
1,3,3.0500963
1,4,3.7434452
1,3,2.7255023
5,4,4.439451
1,2,2.4688148
1,2,2.0846565
4,3,3.3044407
1,2,2.1841133
1,2,1.9058745
1,2,2.234714
1,3,3.1378279
1,3,2.7606034
1,2,2.3806324
4,3,3.043716
1,3,2.8803005
4,5,4.9854636
5,5,5.491734
1,2,2.3523154
1,2,2.0918949
5,5,4.750867
2,2,2.1089702
5,3,3.0066037
1,2,2.0215554
1,3,3.3077497
2,3,2.550819
2,2,2.4817908
1,2,1.7626328
1,2,2.2134879
1,2,2.4964054
2,2,2.314432
5,5,4.7041397
1,2,1.9263421
1,3,3.1486342
1,2,1.650803
1,2,2.1152556
5,4,4.254404
1,3,2.82498
1,3,2.879554
5,5,4.8814473
2,3,2.9627452
1,2,2.0166373
1,2,2.1169558
1,2,2.2398329
1,2,2.266238
4,4,4.48045
5,2,2.283761
1,2,2.459262
3,3,3.0654857
5,5,4.8539853
2,3,2.8106139
1,2,2.1904285
1,2,1.5720652
1,2,2.4160953
5,4,4.315041
5,5,5.0349555
1,3,3.009517
1,3,2.8176515
5,4,3.9602377
5,3,2.8580234
1,2,2.0784097
5,5,4.8946834
1,2,2.2900243
5,5,4.884362
4,4,3.5412424
5,3,3.0223894
1,3,3.2471197
1,2,2.1262338
1,3,2.790234
5,5,4.7098274
1,3,2.9002864
1,2,2.273057
1,4,3.5417519
2,3,2.842992
4,3,2.8891497
1,3,2.7148144
2,3,3.082749
1,2,2.389285
1,3,3.0930092
5,4,4.359381
5,5,5.1024613
5,5,4.6187687
5,3,3.485607
5,5,5.0410323
1,2,2.236985
5,5,5.026061
1,2,1.8806919
1,3,2.514657
1,3,3.2917976
1,4,3.5555415
1,2,2.001435
1,1,1.3784226
5,5,5.1472507
1,2,2.3606381
2,3,2.754098
1,3,3.4988477
1,2,2.3174932
1,3,3.2301078
1,2,1.6830596
1,3,3.113315
4,3,2.9725456
5,4,4.1286736
5,5,4.8012576
1,2,2.359285
1,4,3.6413834
1,2,2.2715104
1,2,1.6559411
5,5,5.108929
1,2,1.8554784
5,5,5.3323607
3,4,4.380706
1,3,2.7277236
1,3,2.7097793
5,5,4.5347095
3,3,2.787286
1,2,2.3046765
1,2,1.722501
5,5,5.2021294
1,3,2.7990296
1,3,2.9876568
1,2,1.9806241
5,4,4.35588
1,2,1.8247322
1,3,3.304281
1,3,2.8893394
1,3,2.8462162
1,3,2.6164005
1,3,2.845524
1,3,3.1318562
1,3,3.2248125
1,3,2.6875522
1,2,2.188852
1,2,1.9242344
1,3,3.447965
1,3,2.7860506
1,2,1.9409425
5,4,4.4555874
1,2,2.0026338
1,3,3.3250265
1,4,3.920401
5,4,4.3343377
1,3,3.1986375
1,2,2.4282386
1,3,2.5671685
1,2,2.1926718
5,4,3.8154757
1,2,2.002838
1,3,3.156454
1,3,2.5610766
5,3,3.2256355
5,5,4.5631666
5,5,4.8663206
1,3,3.0211785
1,2,2.3727393
1,2,1.8125455
1,3,2.5529742
1,2,1.8108108
5,5,4.7473164
1,3,3.0743058
1,2,1.9246138
1,3,2.651833
1,3,2.5568557
1,3,2.8672504
1,2,2.217654
3,4,4.060977
1,2,2.1039214
1,3,2.6694434
5,3,3.4595535
5,4,3.6240263
1,4,3.5281956
1,3,2.686428
5,4,4.22842
1,2,2.2986727
1,2,2.417115
5,5,4.6425257
1,2,1.754597
1,2,2.2674897
1,2,1.8221033
1,2,2.4255857
4,4,3.5983138
5,5,4.625383
5,5,5.4637856
1,2,2.4125807
3,4,4.33311
4,5,5.8342752
4,5,4.593719
1,2,2.346587
5,5,4.954452
3,2,2.4108741
5,5,4.5372925
1,3,3.1546166
1,2,2.400679
4,4,4.481284
1,2,1.9217671
3,4,4.0567865
4,4,4.2846675
1,2,2.0671353
1,3,3.1376028
1,3,3.2121277
1,3,2.6865177
1,2,2.2874818
1,3,2.5287647
1,2,1.8872675
1,3,3.0401878
5,5,4.5102744
1,3,2.5288968
1,3,2.9856753
1,3,2.714761
2,2,2.085903
1,3,3.1294892
2,3,2.832293
1,2,1.8676877
1,3,2.5035298
1,2,1.6868551
1,2,2.003099
3,3,2.9827106
1,3,2.616544
1,3,2.8683398
1,3,2.7877824
5,4,3.7540169
1,2,1.9125336
5,4,4.047964
1,3,2.6362343
1,2,2.2498765
1,2,2.1034896
1,3,2.5602658
1,2,2.0840697
1,3,2.6996279
1,2,1.7228023
4,4,4.2806273
1,2,2.4818645
4,5,4.7495747
4,3,3.2030022
1,3,2.6101353
5,5,4.937866
1,2,2.4422948
1,3,2.503772
1,2,1.8759189
1,2,2.273506
1,2,2.2994654
5,5,5.30125
5,3,2.8881533
1,3,3.1150124
1,2,1.7873741
1,3,2.5021312
2,3,2.6544592
1,2,2.121705
1,3,3.1263714
1,4,4.0111513
1,2,1.9221797
1,2,1.7847579
1,2,1.79172
1,3,2.5371194
5,5,4.5848446
5,4,4.26383
1,3,2.615332
1,3,3.1554723
1,2,2.3637643
5,4,3.5784147
5,5,5.290641
1,2,2.0661101
5,3,3.391475
1,2,1.9307969
1,2,2.4716742
5,4,4.211928
1,3,2.6730826
1,2,2.007208
5,4,4.3514013
1,2,2.40985
1,2,2.182504
5,4,4.229277
1,2,2.1483614
1,2,2.4231243
5,4,4.22737
1,2,1.930122
5,5,5.558746
1,3,2.7734613
5,3,3.439257
1,2,2.3878183
5,4,3.5094373
4,3,2.9212391
1,2,2.0963876
1,4,3.9229035
5,4,4.3911786
5,5,4.6278057
1,3,2.8459756
1,3,2.7324371
1,2,2.338544
1,3,2.891538
5,4,4.1878104
1,2,2.3005633
5,4,4.4578567
5,4,4.338782
1,3,2.9175222
5,4,4.343716
5,4,4.195874
1,3,3.3064854
5,4,3.8444304
1,2,2.2617602
2,4,3.8558547
1,3,2.6869535
1,4,3.8557706
5,5,4.542141
1,3,3.2190485
1,2,2.3208435
1,2,2.3705726
1,2,2.2560158
1,2,1.7459518
1,2,2.2109544
5,5,4.8991838
5,5,5.241899
1,2,2.3773181
1,2,2.2779012
3,4,3.6599903
1,3,2.5129085
4,4,3.953545
1,2,2.3670347
1,2,1.9283499
1,2,2.2424147
1,4,3.6779728
2,2,2.2363217
1,2,2.3088808
1,2,2.3956904
4,4,4.3248796
1,3,2.6189897
1,3,2.657082
4,4,4.277396
1,4,3.5200264
1,3,2.59432
2,3,2.9330764
1,2,1.7812942
1,3,2.692398
1,3,3.3801973
1,2,2.0933356
1,2,2.3183591
5,5,5.4946127
1,2,2.303191
1,3,2.5685225
4,5,4.9739494
5,5,5.0642905
5,3,3.2109568
5,5,4.9565935
1,3,3.298727
1,2,2.4714842
4,4,4.053849
1,3,2.6975453
2,2,2.358227
1,3,2.6228247
1,3,2.555202
1,3,3.4484165
1,2,2.3424835
1,3,2.6735342
1,2,1.5694684
1,2,2.3976047
2,3,2.6010268
1,3,2.6645093
1,4,4.1486254
5,4,4.233371
4,2,2.3984368
1,2,2.4303775
1,2,2.033812
1,2,2.4058297
1,2,1.8444893
2,3,2.8518972
1,3,2.8295827
1,2,2.0669909
1,3,3.2656107
1,3,2.765103
4,5,5.202297
4,3,2.7694526
1,2,2.1905274
5,5,5.537904
2,3,3.499707
1,2,1.7988917
1,2,2.2784178
4,3,3.3917274
3,3,3.489818
1,2,2.149353
5,3,3.1382196
1,2,2.352385
1,2,2.1521697
1,3,2.6095314
1,2,2.2920382
3,4,3.754914
3,5,5.2037315
1,2,1.746293
1,2,2.359504
1,2,1.6450356
1,3,2.5133634
5,4,3.8160021
1,2,2.013804
1,3,2.8805335
2,2,2.3321187
5,4,4.2876134
2,2,2.4889965
1,1,1.4080062
5,5,4.8269
5,5,4.832045
1,3,2.5349839
1,2,1.9140143
4,4,4.0873313
4,4,4.057916
1,2,2.0550542
1,3,2.864215
1,2,2.120615
1,3,3.4260046
5,3,2.611696
1,2,2.4511557
4,4,3.5827868
5,3,3.0130353
5,3,3.204438
1,2,2.3210752
1,3,2.7691946
1,3,2.7175455
1,3,2.8236666
1,2,1.9855237
1,3,2.5099547
1,3,2.7247372
1,2,2.3527527
1,3,2.7126863
1,2,2.373267
1,3,3.102423
1,3,2.560212
1,2,2.3731837
1,3,3.1837778
4,5,5.445067
2,3,3.2073443
4,5,4.511671
1,2,1.6608164
5,4,3.7689955
1,2,2.0808911
1,2,2.1334953
2,4,3.5145762
2,2,2.2776563
5,4,4.2663627
5,3,3.3939066
1,2,2.1150346
1,2,1.581585
1,2,2.3923569
5,4,3.770367
1,3,2.5727332
1,2,2.2617838
5,4,3.7177486
5,5,4.9709654
1,3,3.138918
5,3,3.177038
1,2,2.0308032
1,3,3.3118057
1,3,3.4380107
1,2,2.0870626
1,2,2.3370717
1,3,2.8940465
4,5,5.4866066
3,2,2.4854174
2,3,2.8500502
1,2,2.1358416
4,4,4.2853227
1,3,2.6164944
1,2,2.3042414
1,2,2.0792482
1,2,2.4549954
1,3,3.0416408
3,3,2.8575115
1,3,2.5545669
1,2,2.1050186
1,3,2.6436875
5,5,5.085945
1,2,1.920729
1,3,3.151373
4,4,3.7473834
5,3,3.4625678
1,3,2.9543338
5,5,5.099274
1,2,2.33819
1,2,1.7255787
5,3,3.4390562
1,2,2.2647529
1,2,2.2561383
5,4,3.912026
1,2,2.3524058
1,2,2.4305081
5,3,2.9817865
1,2,2.4118938
5,5,5.5427976
1,3,3.312659
5,5,5.3753176
1,3,2.5288818
5,5,4.947376
5,4,4.3887687
1,3,3.4938881
1,2,2.1966367
1,2,2.3666246
1,3,2.5950246
4,5,4.7036414
5,4,4.0005155
1,2,2.3594794
1,2,2.0455399
1,3,2.9971979
1,1,0.7651771
5,4,4.35503
5,5,5.2652917
1,2,1.5301179
1,3,2.8095083
4,3,2.7347407
1,3,3.0635977
5,5,4.8232083
5,5,5.4952555
5,5,5.4791265
1,3,2.8545973
4,5,5.2759995
1,2,1.6925037
1,2,2.1025007
1,2,1.8740025
1,3,2.6463916
1,2,2.197947
3,3,2.6780643
5,4,3.5069773
2,3,3.1844838
1,2,2.3589284
5,4,4.4730177
1,2,1.9657533
1,2,1.7203403
1,3,2.5686398
1,2,1.8909582
1,2,2.2323706
1,4,3.5869772
1,2,2.0464141
1,4,4.0811033
1,2,2.3598492
1,2,1.942256
5,4,3.9027548
5,4,3.803419
1,3,2.6582196
5,5,4.584209
1,3,2.630104
1,3,2.770117
1,4,3.8725789
5,4,3.8119683
4,3,3.0584614
1,3,2.6885629
1,2,2.1000524
1,2,2.4773693
1,3,3.096595
1,2,2.4502084
1,2,1.6395853
1,2,1.9579426
1,1,1.2206815
1,2,2.0765803
1,3,2.677638
1,3,3.2209802
3,3,3.2553332
5,5,5.075116
1,1,1.3939314
1,3,2.8619735
1,2,2.2253716
5,5,4.5338817
5,5,5.1945167
3,2,2.2271092
5,4,4.40894
2,3,2.9334204
1,3,2.9674885
1,2,2.1862788
1,3,2.691475
4,3,2.9904165
5,4,4.338496
5,5,4.5180664
1,2,2.3075235
5,4,3.5001903
5,3,3.477777
1,3,3.385291
1,2,1.7039057
1,2,2.2485936
2,3,3.194825
1,2,1.7710394
1,3,2.9709697
1,2,1.7172616
1,3,3.003899
1,3,2.6609106
2,2,2.4195228
1,3,3.0482843
2,4,3.8596678
2,1,0.45476973
1,2,2.3910944
1,4,4.316766
1,2,2.3960874
1,2,1.8310641
5,4,3.799303
5,5,4.5175877
1,4,3.5474954
1,3,2.5434783
5,4,3.9341462
1,4,3.6156373
3,4,3.7540152
1,2,2.4184318
2,2,2.1247125
1,2,1.6314827
1,3,3.0975134
1,3,3.1952105
1,3,2.6736422
5,4,3.8474452
5,5,4.892964
1,2,2.4307277
5,5,5.168109
5,3,3.2480717
5,4,4.3014545
5,4,3.9652085
5,4,3.5317302
1,3,2.7199626
1,4,4.0916734
1,3,2.6976101
5,4,4.236648
1,3,3.078475
1,3,3.2965207
1,3,2.6952426
1,3,2.7305684
1,3,3.132236
2,2,2.1000826
1,2,2.2349737
2,3,2.8644392
1,2,2.1327248
1,2,2.3740015
1,3,2.5206504
1,3,3.123026
1,3,3.413656
1,3,2.5717604
1,2,2.177727
1,3,2.7352796
1,3,2.727195
1,2,2.2197206
4,5,4.631573
1,3,2.5218956
5,5,4.7174096
5,5,5.36553
1,3,2.5257092
1,2,1.9086282
1,2,2.367269
1,3,2.8251688
1,2,2.283809
5,5,4.61977
4,4,4.4067736
1,2,2.2501702
1,2,2.4078681
4,4,4.181343
2,3,2.6403022
1,3,2.8733037
1,2,2.4960084
5,5,5.7279873
5,5,4.821195
1,2,2.2087545
1,3,2.9173224
3,5,5.162595
1,3,2.6161008
1,2,2.00363
1,2,2.0856593
1,3,2.897624
1,2,2.2305765
3,3,3.0280406
5,4,4.1649756
1,3,3.2910218
1,2,2.2159255
5,4,4.2005835
1,3,3.0670822
1,2,2.3286912
1,4,3.5261192
5,5,5.183939
1,2,2.2745295
1,3,3.14556
1,2,2.4599829
5,4,3.5833626
5,5,5.329526
1,2,2.2559416
1,2,2.3802922
1,2,2.187526
1,1,1.1762352
2,3,3.3071656
5,5,4.9897165
1,3,3.0901794
1,3,2.5197582
2,2,2.227273
5,3,3.3562124
2,3,3.2551432
5,5,4.6093245
1,2,1.8195249
2,2,2.3396156
1,4,3.5102577
1,3,2.9706943
5,5,4.8560944
1,3,3.2323337
1,3,2.6480649
1,3,2.5805638
5,5,5.1343317
1,3,2.6338363
5,5,5.5765533
1,3,2.764565
1,3,3.4217036
5,5,4.5767674
1,3,2.6102786
5,3,3.367237
4,5,4.980986
1,2,2.3256748
1,3,2.5783758
1,4,3.5728838
1,3,2.8102548
1,3,2.526742
5,5,4.98851
5,4,4.2491293
1,2,2.3020794
1,2,2.3247716
1,2,1.9465497
1,3,2.7064137
1,2,2.4065654
1,3,2.5864503
1,2,2.1917012
1,3,3.193356
2,3,2.6069293
1,2,2.0342038
1,3,2.8064306
1,2,2.2564733
1,3,2.6142194
1,2,2.1149478
5,3,3.0787554
4,5,4.959568
1,3,2.618742
1,2,2.397204
1,3,3.3285003
1,2,2.3179853
1,2,1.5213599
1,4,3.5274677
4,5,5.5819736
1,2,1.6833832
2,3,2.5856123
5,5,5.2185926
1,2,2.4277172
1,2,1.9503871
1,3,2.8326666
5,5,4.63303
1,2,2.3063915
1,3,3.0154033
1,4,4.0014095
1,3,2.7100575
5,4,4.302982
1,3,3.059132
1,2,2.4666464
4,5,5.602838
1,3,3.08338
1,2,1.876563
1,2,2.252982
3,3,3.100124
5,4,4.3661256
1,3,2.6066852
1,2,1.95672
5,5,5.337865
1,1,1.404728
1,2,2.3886685
4,5,5.349151
1,2,2.2304225
1,3,2.5754683
1,3,3.3760235
5,4,4.329961
5,5,4.9251504
3,4,4.1647005
1,2,2.2121427
1,3,2.6380563
1,2,2.4500804
1,2,2.2252045
3,4,4.250756
5,4,4.323516
5,5,4.532847
1,3,3.0068848
1,2,2.0852735
1,3,2.9378865
1,2,2.0049498
1,2,2.2940433
1,2,2.407351
1,2,1.786467
1,2,2.12029
1,3,2.9137914
1,3,2.6610405
5,5,5.1695166
1,2,2.174968
5,4,3.5357735
1,2,2.3705883
1,3,3.1513484
5,4,4.2315855
5,5,5.2027206
5,5,5.657937
1,2,2.3375115
1,2,2.0380638
3,4,3.5191073
1,3,3.1040094
1,2,2.3576827
1,3,2.7759347
4,4,4.0404673
1,2,2.0010297
1,3,3.1030648
1,2,2.4788117
1,3,2.7010744
1,2,1.6563691
1,4,3.6637857
5,5,5.4758306
5,5,5.5928597
1,2,2.2450814
5,2,2.4738634
1,2,2.2830265
1,2,2.2638092
1,2,2.2202907
3,5,4.7694607
1,3,2.7378724
1,2,2.3021336
5,4,3.9676201
1,3,3.2269576
5,4,4.483847
1,2,2.3547611
1,2,2.3744802
1,2,2.3712552
1,2,2.4015968
1,3,2.6283486
1,2,1.8906629
1,3,3.1069415
5,2,2.3603718
5,4,4.3687477
5,4,4.1386566
1,3,2.841823
5,3,3.4503987
1,3,2.8457355
1,4,3.5588794
3,2,2.0976763
5,5,4.547591
5,4,4.214828
1,3,3.0934038
1,3,3.0648139
1,2,2.203733
1,2,2.1881974
5,5,5.179145
4,3,3.3564136
1,3,2.5694034
1,2,2.3060892
1,4,3.943115
1,3,2.5362034
1,3,3.4593112
3,3,2.7719383
1,3,3.2823308
1,3,2.5873826
1,2,2.4779496
5,5,5.1191945
4,4,3.958768
1,2,2.0478988
1,3,2.8551078
5,4,3.7111707
1,3,2.914627
4,3,3.1702874
1,3,3.3338745
1,2,2.3975358
1,3,2.5633063
1,3,3.0942223
1,3,2.55031
1,2,2.3648474
2,3,2.9895012
1,3,3.417412
4,4,3.9140518
1,2,2.4797883
1,4,3.5161676
5,5,5.2581263
5,5,5.0857377
2,2,2.1774437
2,2,1.8436465
2,2,1.8386933
1,2,2.494978
1,3,2.7219577
1,2,2.3497274
1,2,2.1585736
5,5,4.5561686
1,2,2.4890907
1,2,1.9100367
1,3,3.1595867
1,3,2.5483654
1,3,3.1002753
1,3,2.6602066
4,5,4.7657948
1,3,2.9585984
3,3,2.747158
1,2,2.4460816
1,2,2.2932076
4,4,4.369325
5,4,4.2867208
2,5,4.714355
1,3,2.6915724
1,2,2.2114604
1,2,2.386545
1,3,2.87625
5,5,5.3089843
5,3,2.9845636
5,5,4.973181
1,2,2.112421
1,2,2.2391582
2,2,2.3062778
1,2,2.2765727
3,2,2.2152293
1,2,2.3420322
1,2,1.7720392
1,3,2.7145972
1,2,2.1824307
1,4,3.5504153
1,2,2.0627913
3,3,2.9383538
5,5,5.5528665
1,3,2.634959
5,2,2.437477
1,2,1.8979812
1,2,1.9970186
3,4,3.520048
4,5,4.834332
1,2,2.2348104
5,4,4.1077
1,3,2.8813593
5,3,2.958807
1,2,2.1250432
1,2,2.331533
5,5,5.1502757
1,3,2.6920102
1,2,2.3450134
1,2,2.4923549
2,3,2.8904994
1,3,2.8342738
5,4,3.8086615
2,3,2.713315
1,3,2.760567
1,2,2.2379377
1,3,2.507674
1,2,2.139191
1,2,2.3962452
2,3,3.076475
1,3,3.114049
1,2,1.899331
1,3,2.6339302
1,3,2.5737228
1,2,2.1242979
1,1,0.13475193
1,2,2.3741815
1,2,2.2597375
5,3,3.2313998
1,2,2.145295
1,2,1.6987915
1,3,2.9252229
5,4,3.5676484
4,5,4.612636
3,5,5.0760317
5,4,3.9114864
5,3,2.9400043
1,2,2.0790706
2,4,3.5847137
1,3,2.6006966
1,3,2.575044
1,2,2.2417662
5,3,3.0073397
1,2,1.8761407
1,2,2.3494573
5,4,3.893539
2,3,2.5665371
4,4,4.231044
1,3,2.819567
5,4,4.197889
1,3,2.5374
2,2,2.0774972
2,2,2.472352
4,4,4.4854207
4,2,2.228973
1,3,3.4688454
4,3,3.2644002
1,3,2.522259
1,3,2.6979885
1,3,2.9994428
1,2,1.7979795
5,4,3.5347476
1,2,2.320978
1,2,2.3825357
5,5,5.390624
1,3,2.773421
2,3,2.5083845
1,2,2.0503933
1,3,3.1718147
1,2,2.2599914
5,5,4.5938306
4,3,3.2324715
1,2,2.3179648
1,3,2.7631116
1,2,1.8523701
5,4,3.9029634
5,5,4.9539967
1,2,2.2772393
1,3,2.7184625
1,2,2.2712107
5,5,5.1219487
1,3,2.6076565
5,4,4.2188993
3,3,3.32091
3,3,3.467644
1,3,2.9889944
5,5,4.6100974
1,4,3.5168095
1,2,2.0451498
5,5,4.705045
3,3,3.3723543
1,3,2.8806372
2,2,2.08655
1,3,2.8905928
1,3,3.3296869
4,3,3.2226157
4,3,2.8504179
1,2,2.0821433
5,5,5.0759406
5,3,3.4348457
2,2,2.2251842
1,2,1.8299605
5,5,4.9669523
1,2,2.02165
1,3,3.174083
1,3,2.5757456
2,3,2.7175207
1,2,2.1591892
5,4,4.347484
1,2,2.4079318
5,3,2.9333346
1,3,2.6563234
1,2,2.0204003
1,2,1.5759476
1,4,4.1453214
1,2,1.8934265
3,3,2.8532815
4,5,4.517658
2,2,2.1437628
1,2,1.9295171
5,5,5.4672313
2,3,2.8851664
1,3,3.030252
1,3,3.492443
1,2,2.0143569
1,3,3.2340193
1,2,1.7726285
1,3,3.0188708
1,3,2.5553162
2,3,3.4314528
3,4,4.498089
4,3,3.40827
1,2,2.2822132
5,5,4.564409
1,2,2.4759288
1,2,2.27408
1,2,1.6824942
1,3,2.850077
1,2,1.7259659
3,3,2.5851789
1,2,2.113447
5,4,3.9907475
1,3,2.5109928
4,4,4.2493744
1,3,2.820934
3,4,3.536591
1,3,3.1407442
1,2,2.0500114
5,4,4.180775
1,3,2.7799308
4,4,4.4094863
1,1,1.4455012
2,2,2.447292
1,2,1.7385174
1,3,2.6483436
1,3,2.5495307
1,3,2.823622
1,2,1.8173857
5,4,3.8586743
5,4,4.2119503
1,2,1.9789286
1,2,1.9212646
1,3,2.7664795
1,3,2.5371685
1,3,3.1923969
1,2,1.9008048
1,3,2.5725389
1,2,1.7368196
1,2,2.0722752
2,2,2.2880688
1,3,2.6244707
1,3,2.9150796
1,5,4.6478686
5,4,4.0309687
5,5,6.1091485
4,3,3.1691806
5,4,3.977832
2,3,3.2493982
1,3,2.8126743
5,4,4.382288
1,3,2.8915908
1,4,3.7714994
2,2,2.4216256
1,3,2.9845662
1,1,1.4406807
1,2,1.9743886
1,2,2.2601755
1,2,2.3438053
1,2,1.6851225
1,3,2.9770813
5,4,4.3351154
1,2,2.2078393
1,3,2.9441345
1,2,2.442851
5,5,4.8891263
1,3,2.7698247
1,2,1.6257284
1,2,1.8537242
1,2,1.7828518
1,2,2.0346847
1,3,2.6832464
2,2,2.2104733
5,3,3.1454062
1,3,2.7213616
1,3,3.0277328
5,5,5.5657635
1,2,2.11056
1,3,2.6043673
1,2,2.349433
5,4,4.2412453
1,2,2.3553607
1,2,1.6228896
2,4,3.530868
1,4,3.790341
1,3,2.9160843
1,2,2.1861498
1,3,2.9130023
1,3,3.0887504
5,5,4.5927043
5,5,4.6193466
1,2,1.5032516
1,3,2.596079
1,3,2.8081162
4,5,4.5214014
1,2,1.8882447
5,5,5.2191243
1,4,3.8105035
4,4,4.2302585
1,2,2.060885
5,4,3.7889934
1,4,3.7063735
3,3,2.8394434
5,5,5.01122
4,3,3.4466822
1,2,2.2896645
5,5,4.9670253
1,2,2.2354581
5,4,3.9442968
1,2,2.191624
1,3,2.8290348
1,3,2.6730282
5,5,4.633437
1,2,2.3903482
2,2,2.1199212
5,5,4.839404
2,3,3.4073536
1,3,2.500357
1,1,1.2976333
5,3,3.3781726
1,2,2.2722938
1,2,1.9691029
1,2,1.7095162
2,2,2.4923663
5,4,4.3439364
5,5,4.783444
1,3,2.6389349
1,3,2.6302075
1,2,2.0404239
2,2,2.381846
4,4,4.090955
1,1,1.3688555
5,5,4.881281
1,2,1.6411642
1,2,2.1718593
1,3,2.589671
2,2,2.1789594
2,3,3.270551
1,2,1.9561541
1,3,2.6390676
4,5,5.397633
5,5,4.759829
1,2,1.9020498
1,3,2.8413732
5,5,4.8688116
1,2,1.8752213
1,2,2.003852
1,3,2.5687776
4,3,3.14865
1,3,2.5638793
5,5,4.7382092
1,2,1.8537117
4,5,4.89048
4,5,4.751146
1,2,2.083595
1,2,2.0400631
5,5,4.9963126
2,2,2.4015322
5,5,4.6724524
1,3,3.4543777
1,2,2.1422298
1,3,3.2591877
4,5,5.128457
5,4,4.4071956
1,2,2.3268497
1,3,3.1693292
1,2,2.473959
5,5,5.579099
5,4,3.7634017
2,3,2.8537917
1,3,2.6474965
1,3,2.687505
5,5,5.024876
5,5,4.6452093
1,2,2.3895
1,3,2.9546196
1,3,2.8637223
1,2,2.039022
1,2,2.4515142
5,4,3.8097878
5,4,3.8147774
1,3,2.9093688
1,3,3.1049967
1,2,2.414837
1,4,3.7946358
4,3,3.1473546
1,2,2.364084
1,3,2.5520585
3,3,2.782949
1,4,3.663724
1,2,2.122618
5,3,2.7461724
1,2,2.039873
3,4,3.6882102
1,2,2.4486651
1,3,2.521268
5,4,4.1201057
1,2,2.4805765
1,2,2.2768707
1,3,2.5689182
1,3,3.386681
1,2,1.885883
1,2,2.1912477
5,4,4.4553494
1,3,3.0887868
5,5,5.7936263
1,2,2.1248598
1,2,2.3333383
4,3,3.174233
2,3,2.6360714
1,3,2.7263474
1,2,2.1267579
1,2,2.427636
1,3,2.8160655
1,2,2.4051433
5,5,4.789596
1,2,1.992709
2,2,2.157349
1,2,2.0423691
1,2,1.9944617
1,3,2.6114702
1,3,3.1888893
2,2,2.42177
1,2,2.4897807
1,2,1.8999698
1,3,2.9242992
1,3,2.911741
1,2,2.3238263
1,2,2.39247
4,3,3.4067395
1,3,3.2151356
1,3,3.0130615
5,5,4.826399
1,4,4.364966
2,3,3.280355
5,3,2.7593303
1,2,2.3949633
1,2,2.3123555
5,3,2.717943
1,3,2.6729164
5,5,5.491393
5,4,4.2466125
1,2,1.9160234
4,5,4.7333703
1,3,3.3576732
1,2,2.0786397
1,2,1.7616382
1,2,1.9263775
1,4,4.1027317
1,3,3.3133361
1,3,3.3075075
5,5,4.557748
1,3,3.04528
1,3,2.559465
3,3,2.5526981
3,4,4.0690346
1,2,2.1466012
1,2,2.2134326
5,5,4.6146274
5,5,4.606598
5,5,4.6434274
1,2,1.7365384
1,3,2.5978148
2,3,2.8732924
1,2,1.8989264
3,4,4.301885
1,3,2.990994
5,5,5.1855836
1,2,2.4656553
1,4,3.7946358
1,2,1.8994893
1,2,2.3944423
5,4,3.759699
1,2,2.4461784
1,3,2.8910656
5,5,4.811447
5,4,4.200031
1,2,2.160807
1,2,2.4085855
1,3,3.350503
4,4,3.861275
1,3,3.0461004
1,2,1.8830242
1,2,1.951782
1,2,2.199523
1,2,2.4869127
1,2,2.136329
4,4,4.044884
5,5,4.9031754
1,2,2.1162033
1,2,1.877768
2,3,3.2680318
1,3,2.6497428
1,3,2.7450683
5,4,4.422518
1,2,2.2362618
1,3,2.531211
1,2,2.0151613
1,3,3.4143672
5,5,5.221497
5,5,5.538804
1,2,1.9593898
1,3,2.6619415
1,2,1.9074776
1,2,2.4836404
1,2,2.2946212
1,2,1.8807279
1,2,2.3638906
1,3,2.581857
5,4,4.2526064
1,3,2.9212646
1,2,2.3595984
1,2,2.1150794
1,2,1.7155097
1,2,2.448999
1,3,2.5063584
5,4,3.8238747
4,4,3.7393982
2,2,2.4067776
5,4,4.4728246
1,4,3.661969
1,3,2.526662
1,2,1.7768118
1,1,-0.6466494
1,3,3.0335681
1,2,2.26245
1,2,1.6722116
1,2,2.3234794
1,3,2.676855
4,5,4.9118896
3,2,2.451666
1,2,2.3691542
1,4,3.5327861
1,2,2.3039963
1,2,2.3466501
1,3,2.8265054
5,5,5.395471
1,3,2.8328156
1,3,2.5482788
1,3,2.5935605
5,3,3.1049166
1,2,2.1857007
1,2,2.0605543
1,3,2.8174634
1,3,2.849058
1,4,3.7127502
1,2,1.9488525
1,2,1.7006128
5,4,3.953676
1,3,3.4248157
5,5,4.5336027
1,3,3.2821493
5,5,4.531572
1,3,2.5369155
4,4,4.374955
5,5,4.871186
4,2,1.8821772
1,3,2.571356
1,2,2.2881062
2,2,2.382173
1,3,3.0701077
1,2,1.8833404
1,2,1.8443
1,2,2.1544995
1,2,2.2186
1,3,2.7222717
1,2,1.9132452
5,4,3.978337
1,2,2.0434968
3,4,3.5597367
1,3,2.7276967
1,2,2.4319425
1,3,3.2254968
5,3,2.885984
4,2,2.3069005
1,3,2.785199
1,2,2.0574768
5,5,4.6408024
1,3,3.3690636
3,4,3.8841505
5,3,3.3325214
1,3,2.6519275
5,4,3.7585382
1,3,2.6046917
1,2,2.2498708
5,4,3.8524983
3,2,2.2749379
1,2,2.3538516
1,3,2.6983678
1,2,2.1873233
1,2,1.8998536
1,2,2.3599617
1,3,3.1210916
1,2,2.213178
1,3,2.9769323
1,3,2.7043183
1,3,2.5151992
1,3,2.514684
1,3,2.741224
2,2,2.1914995
1,2,2.4389699
1,3,2.5640876
5,5,5.660937
1,2,2.4391012
1,3,3.2359402
1,3,2.598608
1,2,2.0219913
1,2,2.151014
1,3,3.1612504
2,3,2.685238
1,2,2.2934904
1,3,3.3528366
1,2,1.9959267
2,3,2.55038
1,2,2.309555
1,3,2.856813
1,2,2.324568
1,3,3.0895631
4,3,3.2438824
1,3,3.023722
2,2,2.4281504
1,3,2.6092155
5,5,5.2963824
1,3,2.6854026
3,3,2.6988323
1,3,2.689805
1,2,1.8727428
1,2,2.3303385
1,3,2.682385
1,1,0.60607964
1,2,2.4626737
2,2,2.3517573
1,4,3.5502994
1,2,1.8467696
1,2,2.404513
1,2,2.4837856
1,2,2.4765382
3,3,2.8403738
5,5,4.509404
1,2,1.7321402
5,5,5.15477
3,3,2.7174492
1,3,2.6355534
4,3,2.9874
1,2,2.4964285
1,2,2.3202775
4,4,4.2032185
1,2,2.109497
1,3,3.0771887
5,4,3.5369515
1,3,2.5297198
1,2,2.3908668
1,2,2.1785238
1,2,2.1714196
5,3,3.4350953
1,2,2.3840442
1,3,2.5333817
4,4,3.77162
1,1,0.76943004
5,3,3.1933496
1,2,2.436998
1,2,1.8956261
5,5,5.1585245
2,2,2.488552
1,2,2.157539
5,4,4.173468
1,3,2.7583945
4,5,5.089035
1,3,2.8170967
1,2,2.2390895
1,3,2.8466337
1,2,2.4741676
1,4,3.5936453
2,2,2.4945261
1,3,2.6523921
5,5,5.442383
5,4,3.7998853
1,2,2.156587
1,2,2.2198503
3,4,4.2464814
1,3,3.1157908
1,3,3.0623088
1,1,0.7800454
1,3,2.7340488
1,3,2.7802393
1,3,2.7018306
1,2,2.4154596
3,3,2.7402048
5,5,5.5291367
1,3,3.375461
5,5,4.643866
1,2,2.3933806
5,3,3.3443696
5,5,4.908959
1,3,3.0763497
5,2,1.9810954
1,3,2.8097172
1,2,2.2857099
1,2,2.0755327
1,4,3.579884
1,3,2.7691772
1,3,2.8810568
1,2,2.269587
1,1,0.062461764
1,2,1.8730855
1,2,2.046157
5,5,5.7681746
1,3,2.5105808
1,3,3.201398
1,2,2.117088
5,3,3.4063127
1,2,2.1273973
1,4,3.526363
2,2,1.9405614
5,5,4.5243273
3,4,4.3985524
1,2,1.8707075
2,3,2.8930557
1,3,2.601625
1,2,2.0828009
1,3,2.570059
1,3,2.8832645
1,4,4.193686
1,3,3.137644
1,2,2.1192963
5,5,5.122741
1,3,2.6239612
1,2,2.1581364
1,3,2.8415976
1,3,2.7729342
4,5,4.7492323
1,4,3.9441583
5,5,4.791709
4,4,3.9089181
5,5,4.89742
2,4,4.448302
5,4,4.369202
1,2,1.6241623
4,5,4.546413
1,3,2.617747
1,3,2.7724087
3,3,3.248891
3,3,2.7245526
1,3,2.5109215
1,3,2.8012354
1,2,2.3908522
2,4,3.8903255
5,4,3.8115332
1,3,2.7096653
1,3,3.3368144
1,2,1.7297323
5,3,2.9790463
1,2,1.6875854
1,4,4.245785
2,2,1.8950958
1,2,1.9588096
1,3,2.5799644
2,3,2.7056632
1,4,3.5857859
1,2,1.8364109
1,2,2.4448564
1,2,1.9924573
1,3,3.1892974
1,3,2.7088284
5,5,4.7463794
2,3,3.0752544
1,2,2.4601321
5,5,4.6585703
5,4,3.8989434
3,3,3.3357713
5,5,4.7114434
1,2,2.4442878
1,2,2.0265546
5,5,4.63116
1,3,2.6718209
2,3,2.530344
3,3,2.7967012
1,2,2.2920628
1,3,3.2442102
1,3,3.426142
1,2,1.931284
5,5,4.6549735
5,5,4.527157
1,3,2.6160207
5,3,2.9421737
1,3,2.5103846
5,5,5.1210074
1,3,2.5156188
1,3,2.780174
1,3,2.543032
3,4,3.9676979
1,3,3.0031507
1,2,1.8394634
1,3,3.2904809
1,3,3.3449042
5,5,5.187933
2,2,2.2309294
1,3,3.1415508
1,2,2.4585512
4,3,3.2423568
1,2,1.9911808
4,5,4.566495
1,2,1.785745
1,3,2.5315306
5,4,3.7225058
1,3,2.9836347
5,3,2.9031925
1,3,2.7060735
1,4,3.6204815
1,2,1.8692105
1,2,2.036413
1,2,1.6267738
5,4,3.735627
4,3,3.2207797
4,4,4.2211733
1,4,3.8512983
1,3,3.066266
1,2,2.1391454
1,2,1.9801745
1,2,2.052836
1,2,1.8662844
1,3,2.6370778
1,2,1.946406
1,3,2.6133628
1,3,2.576302
1,2,2.3655448
4,3,3.4824674
5,5,4.6179175
5,5,5.5404224
5,3,3.335554
1,3,3.2193768
5,3,3.0316012
1,2,1.9316545
5,3,2.987917
3,4,3.512037
5,5,4.5331216
1,2,1.8481839
1,4,3.851062
1,3,3.0829463
4,5,4.672999
1,2,2.209642
1,2,1.8304522
4,4,3.735575
1,2,1.8509771
1,2,2.454581
1,3,2.7581925
1,2,2.3420563
1,3,2.6777635
5,4,3.9305644
1,2,1.5323844
1,2,2.120546
3,5,4.749518
4,5,4.8758035
2,2,2.086092
1,2,2.4697282
1,2,2.006291
3,3,3.3805223
1,3,2.607979
4,4,3.9793074
5,5,4.8213673
1,3,2.5284925
1,2,2.255715
1,3,2.5826104
2,3,2.824728
1,3,2.9641397
1,2,2.4662259
1,2,2.2938497
1,3,2.8912141
3,4,3.6682699
1,1,1.2095567
5,5,4.730449
5,4,4.4718103
1,2,1.9044211
1,2,2.0908873
4,3,3.3067584
1,2,2.4871159
5,5,4.7290473
1,3,3.210026
1,2,2.2049024
4,4,4.3757377
1,1,-0.940583
5,4,3.592608
5,5,4.772123
1,2,2.0185325
1,3,2.8080199
1,2,1.5456697
1,2,2.4497595
1,3,2.576678
1,3,3.0596488
1,3,3.0998042
5,5,5.3680024
1,2,1.6300447
1,3,2.5910656
1,2,2.2585404
5,4,3.9620192
1,2,2.4697316
4,4,3.8450208
1,2,1.8560194
1,2,1.9159716
5,4,4.114638
1,3,2.6958444
1,4,3.9634502
4,4,4.121872
3,3,2.8617747
1,2,2.120685
1,3,3.3177078
1,3,2.7321846
1,3,3.08535
1,3,2.540821
4,3,2.6254756
1,2,2.3743036
1,2,2.2463732
1,2,2.4439573
1,2,2.2544692
5,5,5.528083
2,3,2.7940538
5,4,3.8928537
5,4,3.6613526
2,3,3.0452504
4,5,4.7022543
1,3,3.1700969
5,4,3.959824
5,5,4.7935004
1,2,2.440246
1,3,2.5375056
1,2,1.9578112
1,2,2.2417936
1,3,2.6027696
4,5,5.139793
1,3,2.7048705
1,2,1.9948928
1,3,3.2132256
3,4,4.308265
1,2,2.1029506
1,3,2.5249841
2,3,3.0260842
4,4,3.660089
3,3,2.6173327
1,2,2.132434
1,3,2.9096348
5,5,4.5707355
1,4,3.654208
1,3,2.6424308
1,2,2.4693742
3,1,1.3605018
1,3,2.5991547
1,3,2.9379098
1,3,3.122322
1,4,3.5873282
5,4,3.969624
1,3,2.5991073
1,3,2.7227647
1,2,2.2634833
1,3,2.609813
5,4,4.1359444
5,3,3.3876905
1,3,2.7941666
1,2,2.158531
5,5,4.5392833
5,4,4.2771487
5,5,4.989784
5,5,4.9985647
1,3,2.9237883
5,4,4.09989
1,3,3.073104
1,2,2.3794248
1,2,2.4199977
1,3,2.7794049
1,3,2.5640812
1,2,1.8627378
1,3,2.8240952
1,2,1.7540276
5,4,3.7786763
5,4,4.0050416
5,3,2.8271832
4,3,3.2829816
1,3,2.893168
1,2,1.9256623
2,3,2.884262
5,5,5.7060657
4,5,4.5886745
1,3,2.9948971
1,2,2.194943
5,5,5.22481
1,2,2.1628096
1,3,2.7848155
5,3,3.3128872
1,3,3.0807014
1,2,2.1599483
5,2,2.4495893
1,2,2.2157943
1,2,2.3022768
1,4,4.1707597
1,3,3.052633
1,2,2.347875
1,2,2.0875967
1,3,2.6896553
4,5,4.601223
1,2,2.2125857
1,3,2.547149
5,4,4.416231
3,4,3.576295
1,2,2.252008
1,2,2.172543
5,3,3.4012444
5,5,4.5582576
1,2,2.343056
1,2,1.9590611
1,2,1.6157477
1,3,2.6713336
2,2,2.4709089
5,5,4.950469
1,2,2.3401902
1,2,1.8920023
1,2,1.8594807
1,3,3.4133503
3,3,2.7828128
1,2,2.1519358
1,2,2.4770157
1,2,2.3536832
1,2,2.0853274
5,4,3.9305067
4,4,3.6956432
1,2,2.2255952
1,2,1.9833976
2,2,2.428615
2,2,2.087859
4,5,4.80477
5,5,5.870651
5,4,3.89441
1,3,3.4259167
5,3,3.0570707
2,3,3.3503509
1,3,2.7589695
5,3,2.8866966
5,5,4.580336
5,5,4.745587
1,2,2.381329
1,1,1.2506267
2,3,3.4484184
3,3,2.742503
3,5,4.6498747
5,5,5.346032
5,5,5.2638674
5,3,2.9928236
1,3,2.5143065
1,1,1.2569124
1,1,1.4392875
1,3,2.6210876
1,3,2.602083
1,2,1.7467557
1,2,1.9401745
5,4,3.8056335
1,2,2.4346206
1,2,2.3425984
3,3,3.303558
1,3,3.2913897
1,4,3.539973
1,3,2.5413303
3,4,3.6419888
1,3,3.2483857
1,2,2.2832224
1,2,1.8168523
5,5,4.6032057
4,3,3.2114232
1,3,2.635156
1,3,2.684577
1,2,2.291642
1,3,2.562486
1,3,2.71729
1,4,3.6163037
1,2,2.233863
5,3,3.3941908
1,2,2.4057374
5,5,4.851415
1,3,3.1257017
1,3,2.507566
5,5,4.7398367
5,4,3.701507
2,2,2.4101741
1,2,1.9411747
1,3,3.0104687
1,2,2.2896137
3,3,2.558748
5,5,4.7367587
1,2,1.9243295
1,2,2.1775458
1,2,2.2732134
1,2,2.0862463
1,3,2.6981664
1,2,2.027935
4,5,4.7129016
5,4,4.1566005
1,2,2.396133
1,3,3.0289092
1,2,1.7264881
1,3,3.017062
5,3,3.2524638
1,2,2.1323407
1,2,1.5865903
5,4,3.7680726
3,3,3.260495
1,3,2.617774
1,3,2.894738
1,4,3.8064685
1,2,2.077595
1,3,2.6234908
1,2,1.6341141
1,2,2.1917646
2,2,2.409581
1,2,2.3259323
5,4,3.5726764
5,5,4.6235595
5,4,4.490786
1,2,2.2761514
5,4,4.0416255
5,4,4.459663
5,4,4.2956805
2,3,2.507682
1,3,2.9879205
1,3,3.1053205
1,3,2.6798975
1,2,2.2157898
1,4,3.8998382
1,2,2.4141085
1,2,1.8372852
1,2,2.266111
1,2,2.3632264
1,3,2.6078863
2,4,3.51831
1,3,2.7481806
1,3,3.480032
1,2,2.2681994
1,2,2.2624578
1,3,3.0146132
5,5,4.605951
1,3,2.662637
1,3,2.9287167
5,5,4.8788266
5,4,4.2819834
1,3,2.8725848
5,5,4.678586
1,2,1.960802
5,4,3.537995
1,3,3.0697708
1,3,2.9181473
1,3,3.2577004
3,3,2.7126355
1,2,2.344803
4,4,3.9931288
5,5,5.236482
1,2,1.9896715
1,3,3.0320883
2,4,3.5714195
1,2,2.4772995
1,4,3.7178044
2,2,2.1824079
5,4,3.6577015
4,5,4.5061297
1,2,2.2877102
1,3,2.5544388
3,4,3.9710758
1,2,2.2705462
1,3,3.0877104
1,3,2.6179733
2,2,1.9947212
1,4,3.5706248
1,2,2.1403537
1,3,2.6779597
5,4,4.30433
1,2,2.0576913
1,3,2.6642814
1,2,2.3175797
1,3,2.9153912
4,5,4.7038426
5,2,2.227731
1,2,2.4424787
1,2,2.0254984
5,5,4.97393
5,4,3.8832922
1,3,3.4404767
5,3,3.2749488
1,2,2.2842083
1,2,1.8696283
1,2,2.3486662
1,2,2.3282254
5,5,5.328219
5,4,4.2488937
1,2,2.239006
5,5,4.5827694
1,3,2.5968635
1,2,1.784037
1,3,2.6869667
5,4,4.1040196
5,5,4.9678946
1,3,2.5219758
1,2,2.2732363
1,2,1.8088446
4,4,4.174271
1,2,2.1079955
4,4,4.133672
1,2,2.394497
1,3,2.562789
1,2,2.3031178
5,5,5.129633
1,3,3.3769224
4,4,3.9420354
1,3,2.9259543
5,4,3.9352984
1,3,2.7506573
3,3,3.1727161
1,4,3.8248897
1,2,2.4877923
1,3,2.7517483
1,2,2.3926358
1,2,2.2211843
3,3,2.5443144
1,3,2.9601438
1,2,2.3294203
1,2,2.1183991
1,4,4.416434
4,4,4.005101
5,3,3.2509723
1,2,2.1783514
5,5,4.6658607
1,3,3.4294524
1,3,2.6689408
5,5,4.7492175
1,3,2.7917066
1,4,3.586263
4,3,2.7077096
1,4,4.1347437
1,2,2.3764157
5,5,4.875646
1,2,2.3117254
1,2,1.981121
1,2,2.30381
3,3,3.063739
5,4,4.383374
5,3,3.2464738
1,2,2.1790981
1,3,2.825992
1,3,3.0785522
1,2,1.6275319
1,3,2.9477992
1,4,3.7500079
1,2,1.7699213
5,5,5.1735883
1,3,2.507109
1,2,1.8657964
1,3,2.5427327
1,2,2.0081308
1,2,1.6733615
1,2,2.240638
1,2,2.3344688
1,3,2.7733185
5,5,4.7962246
5,4,3.9168456
1,2,1.9182305
1,3,3.102206
5,3,3.1737957
5,5,5.2325993
1,2,2.0310788
5,5,4.7608037
1,2,2.0945315
5,4,4.130525
1,2,1.9258931
5,4,3.9032006
1,2,2.4152472
4,3,2.7363083
5,4,4.403171
1,2,2.262668
2,3,2.9647436
1,2,2.387156
1,2,2.2698207
4,5,4.5834117
1,3,3.0320814
5,4,4.298913
5,4,4.077
1,3,2.822958
1,3,3.1622965
1,3,3.2149734
1,4,3.7654724
1,2,2.3867834
1,3,3.3016498
1,1,1.3306282
2,3,3.3448167
1,2,2.2111776
1,2,2.3301241
5,3,3.2820456
1,3,2.7117503
1,2,1.8338519
1,2,1.6613791
1,3,2.9467704
1,2,2.0536456
5,5,4.852217
1,3,2.791573
1,3,2.7292356
2,3,2.9186199
1,3,2.953873
1,3,3.060345
5,4,3.9132764
5,5,5.6702237
1,2,2.2901413
5,5,5.0487003
1,2,2.0942423
5,4,4.264337
1,2,2.2925847
5,3,3.4392705
1,3,3.40511
5,4,4.4175334
2,3,3.188469
5,5,5.042344
4,4,3.5143254
4,3,2.559554
5,5,5.9360113
1,2,1.801492
1,1,1.4826337
1,2,1.768917
1,3,2.7733152
5,4,4.1627846
5,4,4.3777328
3,3,3.021481
5,5,4.803438
1,3,2.9227986
1,2,1.801133
5,4,4.2652674
1,3,2.847675
5,5,5.442202
1,3,2.5895317
5,5,5.4447126
1,2,1.9778903
2,3,3.102671
5,5,5.0861187
4,5,4.8772364
1,2,1.7867769
5,3,2.6244097
3,4,3.5688324
1,3,2.9879036
1,2,2.4062753
5,5,4.551812
1,2,1.8295789
1,2,2.3856502
1,3,3.3763409
2,3,2.649833
1,2,2.3073258
1,3,3.204618
1,3,2.8281374
1,2,2.299631
5,5,4.637737
1,2,1.8719225
1,3,2.5300138
5,4,4.0987425
5,4,4.1801753
5,4,3.9936526
1,3,2.7687626
5,5,4.7670345
4,5,4.644456
1,3,2.6128085
5,5,5.0292935
1,2,2.2160602
4,3,2.916064
1,3,2.7860227
1,2,2.1876698
1,3,2.67141
1,2,2.0800247
1,2,1.8636034
5,4,3.634231
1,4,3.5323884
3,3,3.2851243
1,3,3.100131
1,2,2.008596
1,2,2.2914562
1,2,1.9675393
1,3,3.4712434
2,3,3.066145
1,2,1.6911727
1,3,3.3146152
5,5,5.1588616
1,3,2.6618755
1,2,1.9074258
3,4,3.6798959
1,2,1.8042824
1,3,2.753069
5,5,5.275045
1,3,2.8408267
5,3,3.2567906
1,1,0.28621575
1,2,1.8265896
1,3,2.5818312
1,2,1.7855524
5,5,4.8526154
5,4,3.5400424
1,3,3.0386555
1,2,2.2437704
1,3,2.5292923
1,3,3.179089
2,3,2.9373727
2,3,3.0793307
1,3,2.5981228
1,3,2.8372984
1,3,2.8006277
5,5,4.5026517
1,3,2.771378
1,2,2.1414793
1,2,1.8947185
1,2,2.4929717
1,2,2.0992432
1,2,2.2915971
5,4,4.360816
4,5,5.0257893
4,4,3.8315923
1,2,1.543503
5,4,3.5093997
1,1,1.2729195
5,5,4.9445543
5,4,3.8764596
1,2,2.3622816
1,2,2.007227
1,3,2.556981
1,3,2.6414063
1,2,2.1828854
5,4,4.1858206
5,5,5.084841
5,3,2.623945
1,4,3.5352676
5,3,3.3545349
1,3,3.0191905
1,3,3.462361
1,2,1.5640026
1,3,2.7816386
1,3,2.8675792
1,2,1.6885648
1,3,2.7400048
1,2,2.2200248
1,2,1.7166731
5,4,4.2551703
1,3,2.891815
2,2,2.0731118
1,3,3.0588913
4,4,4.0055065
4,5,5.608875
5,4,3.6379256
5,5,5.0607285
3,3,3.4796987
4,5,4.7240887
5,4,4.1501994
1,3,2.5195026
1,2,1.9443029
5,5,4.8146076
1,3,2.5312245
5,5,5.06022
5,3,3.3697295
1,1,1.1951678
4,3,3.359742
1,3,2.8702085
4,4,4.0942926
2,2,2.0818894
5,4,3.7823136
1,2,2.2973402
5,5,5.611349
1,2,2.4391546
1,3,2.956674
1,3,2.5396965
1,2,2.3496642
1,3,2.8831213
5,4,3.5066218
1,2,2.1694336
1,2,2.4243386
5,4,4.115634
1,4,3.5741913
1,2,2.4920588
1,2,2.3394697
1,3,2.535098
1,3,2.9192858
1,3,2.9467247
1,2,2.4702609
1,3,2.8645093
1,4,4.1608257
2,3,2.827844
1,2,2.4234908
5,5,4.7656407
2,3,2.6555915
1,2,2.101354
5,5,4.8577576
1,2,2.2177079
5,5,4.820333
2,3,3.1131773
1,2,2.4519398
5,5,4.658498
3,4,4.3825693
1,2,2.154726
1,3,2.7182643
5,4,4.284672
1,2,2.2510457
1,4,3.5071046
5,4,3.9289975
2,3,3.494382
5,5,4.921745
1,1,1.3165673
1,2,2.2152376
4,4,3.7824235
1,2,2.4407568
1,2,2.4977076
5,3,3.2752032
1,3,3.302549
1,4,3.7207472
1,4,3.6116118
1,2,1.9038985
1,2,2.4881725
1,3,3.0864136
1,4,3.855439
1,4,3.5464842
1,3,2.673464
1,3,2.7033727
5,4,3.854401
1,3,2.8356886
5,5,5.551474
1,2,1.5447339
1,2,2.4018338
5,4,4.27664
3,3,2.882327
1,3,2.8121934
1,2,2.4370985
3,4,4.0454135
2,2,2.1795244
1,3,2.929584
5,3,3.0611129
1,3,2.9685543
1,3,3.4633508
4,2,2.3915553
2,3,2.8637128
1,1,1.2610196
1,2,2.2611017
1,1,1.4147227
5,5,5.2318482
1,2,2.253237
1,3,2.7319615
1,2,2.3650389
2,3,3.3543243
1,2,2.3090265
5,3,2.8148496
1,3,2.755282
5,5,5.0201235
1,3,2.9729555
3,3,3.0846858
4,1,1.4826337
1,3,2.5649462
1,2,1.7774665
4,3,2.7089033
1,2,1.537469
1,2,2.4934673
1,3,2.5413127
1,2,1.9981053
2,2,2.4977603
3,5,4.5096183
1,3,2.9490144
4,5,5.554947
5,3,3.3055754
2,4,3.7979524
1,2,2.0214615
3,2,1.535433
2,2,2.160552
1,3,2.5074816
5,4,4.0034466
3,3,3.1795945
4,5,5.271649
1,2,1.889551
3,3,2.7707553
5,5,5.090396
1,2,2.0971804
5,5,4.937279
1,3,3.267701
2,2,2.1549156
1,2,1.5137209
1,2,2.047547
1,3,2.674294
1,2,1.9386916
1,3,2.7008288
4,4,3.5328608
1,2,2.2295532
1,2,1.8371454
2,2,2.0286448
5,3,3.3889647
1,2,2.4746883
2,2,2.3919861
1,2,2.208018
1,2,1.6195264
1,2,1.608843
1,2,2.2972305
1,2,1.7224001
1,2,1.939351
1,2,1.8991113
1,3,2.63468
1,2,2.4888391
1,4,3.7216892
1,2,2.2820094
4,4,4.325863
3,5,4.883283
3,4,4.1296687
1,2,2.0768232
1,2,1.9814125
1,2,2.3384495
1,3,2.6319554
5,3,3.1904917
1,4,3.5925007
5,5,4.627742
1,3,2.8280864
2,2,1.7978513
1,2,2.3184075
1,2,2.145664
2,3,2.9037805
3,3,3.3325055
5,5,5.550864
3,3,3.348698
1,2,2.188402
1,3,3.0824893
5,4,4.2309575
1,4,3.5084052
1,2,2.405608
1,2,2.2797937
1,2,2.3057265
1,3,2.5423062
1,2,2.399468
2,3,2.5185893
1,3,2.576887
5,3,2.9968162
1,3,2.6522818
1,3,3.2782657
3,3,3.2152896
1,2,1.5895119
3,3,3.2546983
1,2,2.1169913
5,5,5.288046
1,3,2.5550187
1,3,3.1275344
5,5,4.646237
1,2,2.3705778
4,4,4.3476057
5,4,3.978509
2,3,3.4643714
5,4,4.141981
1,3,2.5364385
1,3,3.3032162
1,3,3.3230512
1,2,2.3342762
5,4,3.9966412
1,3,2.7860968
2,3,3.06349
5,4,3.9130986
1,2,2.4525669
3,2,1.8111686
1,3,3.4574163
1,2,2.4628901
1,3,3.357847
1,2,2.2262175
5,5,5.0640473
1,2,2.2829046
1,3,3.1058087
1,3,2.7212167
1,2,1.6044888
5,4,3.6516833
5,3,2.8076746
1,2,2.4744875
1,2,2.4187875
1,3,2.5928252
5,5,5.2064295
1,3,3.0714226
5,5,5.348514
1,2,2.1440594
1,2,2.2152646
1,3,2.9014888
4,3,2.603024
1,2,2.3363202
1,2,2.4885936
1,3,2.9692893
5,4,4.211145
5,3,3.0114286
1,3,2.6122758
1,3,3.0714777
5,5,4.716728
1,2,2.2305505
1,3,2.9456644
1,2,2.4816525
1,3,2.587102
5,5,4.8870664
1,2,2.4799433
1,2,2.4840665
1,3,3.017155
1,2,2.11598
5,5,5.1917152
5,5,5.8585706
1,2,2.4966772
1,2,2.2356963
5,4,4.065739
1,2,1.9211334
1,2,2.3013203
5,4,4.1271443
1,2,2.3477645
1,2,2.031101
1,3,2.832191
1,3,2.6218321
3,4,3.5840106
1,2,1.53894
4,5,4.54002
3,3,3.1452239
1,2,2.0824494
1,4,3.5566387
3,3,2.9993255
4,5,5.4798775
5,5,4.8116775
1,2,2.3429456
1,2,1.811457
1,2,2.3846662
2,3,2.5504494
1,2,2.0441558
5,5,5.4507537
1,2,2.2423983
1,3,2.8696036
3,4,4.2999063
5,4,4.256404
1,3,2.5264575
1,2,2.336122
1,1,1.4885757
4,3,2.5220027
1,3,2.6734664
5,5,5.1156254
2,2,2.2214935
5,5,5.4341216
1,3,2.8164442
1,2,2.3570023
5,3,3.3777997
1,3,2.9330623
5,5,5.2398386
1,2,2.2573607
5,5,4.892478
1,2,2.3601615
4,4,3.9240055
1,3,3.0264015
2,3,2.855928
1,2,2.1179004
1,2,2.3303406
1,2,2.0969012
1,3,2.5076065
1,2,2.3761184
2,3,2.6997283
5,4,3.635872
1,2,2.1754143
1,3,3.0927207
1,2,2.4300547
5,3,2.6120162
1,2,2.258584
5,3,3.2298899
1,3,3.3544836
5,4,3.9383674
1,3,3.3284523
1,2,2.4526935
1,2,2.1895652
1,2,1.9777265
5,4,4.4641824
3,3,3.141351
4,5,4.580968
1,3,2.9091141
1,3,2.7157261
1,4,3.8089333
4,4,4.2630143
1,2,1.9864678
4,5,4.61048
1,3,3.0009878
3,4,3.974316
5,5,4.795439
1,2,2.083873
3,2,2.4768791
4,5,4.6306734
5,5,5.2780495
1,2,2.4491985
5,5,5.4730973
1,2,2.2031233
1,2,1.5406729
3,3,3.3177803
1,3,2.846133
1,2,1.9012908
1,2,2.269758
1,3,2.986729
1,2,2.4034505
1,4,3.7882297
5,5,5.3867583
1,2,1.8354963
5,5,5.0512376
1,1,1.4875692
1,3,2.8305125
1,2,2.130449
1,3,2.5317826
2,3,2.69966
1,3,2.5001595
1,2,2.3567004
1,3,2.8751209
5,5,5.7285166
1,4,4.246958
1,2,2.4801059
1,2,2.28452
1,2,2.2487347
2,3,2.7387736
3,3,3.4335124
1,1,1.0613912
1,3,2.8058405
4,5,4.55555
1,3,3.05069
2,2,2.3604755
1,3,3.4507194
4,4,4.37228
1,3,2.6646554
1,3,2.8867054
2,2,2.0348313
1,2,1.70002
5,4,4.2081413
1,3,3.3718321
1,4,3.7445729
5,4,3.5759163
1,3,3.038088
5,5,4.7221437
1,2,2.4584894
1,2,2.2553291
1,2,2.330813
3,4,4.268038
5,5,4.714042
2,3,2.817837
5,4,4.1874785
5,4,3.6538389
1,2,1.8785733
1,3,3.3912418
1,3,2.5250483
1,3,2.7235215
1,3,3.152466
1,2,2.403267
1,2,2.1688325
5,4,4.0145063
1,2,2.287977
3,3,3.0557637
5,5,4.859504
4,5,4.9476423
5,3,3.3007116
1,3,2.5403361
5,4,3.8405538
1,2,1.987028
5,4,4.0145655
2,3,2.838532
1,3,3.117941
4,3,2.995636
1,3,2.7110405
3,3,2.6696136
5,4,4.348452
1,2,2.142499
1,2,1.842301
5,4,4.156943
2,3,2.6861732
1,2,2.146836
1,2,2.036854
1,2,1.8255246
5,3,3.114606
1,2,1.953628
1,2,2.4406016
1,3,2.7519934
1,3,3.0216303
1,3,3.237387
1,3,3.103689
4,3,3.4023545
1,2,2.4261308
1,2,2.473709
3,4,4.0442495
1,2,2.1012278
1,2,1.6727756
5,3,3.4690316
3,3,3.1728594
4,5,4.691034
1,2,1.8926591
1,3,2.7389615
4,5,4.515741
1,2,2.248145
5,5,4.7526073
1,3,2.5875156
2,3,2.8808625
4,4,4.4613996
1,3,2.718291
1,4,4.0356855
5,4,3.5887134
5,3,3.4954808
5,5,4.6501193
5,5,4.520606
5,5,5.8722315
1,3,2.8126237
1,2,2.43834
4,5,4.747231
1,2,2.3684087
5,5,4.634467
1,3,2.5992155
5,4,3.9416394
1,2,2.4562948
5,5,4.6200027
1,2,2.12443
4,4,4.4737644
5,5,5.26824
1,2,2.294556
1,2,2.431031
1,3,2.6002152
1,2,2.3120787
1,2,2.2611587
1,3,2.634259
1,2,2.080994
5,5,4.93112
1,2,2.3606644
1,3,2.6769462
1,3,2.5796053
1,3,2.8643086
5,5,4.997647
5,5,4.82757
1,2,2.4802768
5,4,3.9848537
1,2,2.4204364
2,3,2.88505
1,3,3.419055
1,3,2.7510798
1,2,2.3378508
1,2,2.1441975
3,4,3.6663918
1,3,3.0723186
1,3,3.1347094
5,5,5.075672
5,4,4.374398
3,4,4.162095
5,5,4.698618
1,2,2.086097
1,3,3.0592327
3,5,4.5740433
1,2,2.4651642
1,2,2.1675136
1,3,2.8646476
1,5,4.558318
1,3,3.127541
1,2,2.1651766
1,4,3.508856
5,4,4.397496
5,4,3.8065858
1,2,1.8445008
1,2,2.2852736
1,2,1.8977569
5,5,5.57513
1,3,2.530954
1,2,1.8642585
1,3,3.4719534
1,3,2.5126595
1,2,1.5561323
1,3,2.781381
5,5,5.15531
5,5,5.8156614
1,2,2.1253572
5,3,3.1568944
1,3,3.291891
3,3,3.1490567
4,5,5.2781305
1,2,2.2447815
1,2,2.4145055
1,2,2.0987613
5,5,4.731921
1,2,2.2539499
5,4,3.7014663
5,5,5.264643
5,4,3.5043688
4,5,4.945978
2,2,2.2917874
5,4,3.5061903
5,4,4.321767
1,2,2.4813635
1,3,2.6090567
5,4,4.1737876
1,3,3.0652187
4,5,5.5513234
1,3,3.0592632
1,4,3.8851388
1,3,2.5214517
5,4,3.61464
5,5,4.5497937
2,4,3.9301226
1,2,1.8472781
1,2,1.8852084
5,5,5.0064335
3,4,4.218617
1,2,2.4387398
1,2,2.4428954
5,4,4.4003034
1,3,2.6950579
1,4,3.814303
2,3,3.3059194
5,5,4.8561826
1,3,3.315579
5,5,5.657449
1,3,3.0454457
5,5,4.9064226
1,2,2.2212942
5,4,3.7253418
4,3,2.5343702
2,2,1.9596319
1,2,1.6484959
1,2,2.0241618
1,3,3.112623
1,3,2.5973594
1,2,2.4011102
1,3,2.6483188
1,3,3.115247
1,2,2.2173133
5,4,4.3773527
1,2,1.6964628
1,2,2.0236812
5,4,3.6587715
1,4,4.3040643
5,2,2.0799525
1,3,2.5566545
3,4,4.2664075
1,4,3.5964074
1,3,2.6744506
4,5,4.9225726
4,4,4.0444264
1,2,2.4915264
1,2,2.264412
1,2,2.2256699
1,2,2.0462978
1,3,2.785316
5,5,5.1680913
1,3,3.0396101
5,3,3.4094663
1,3,2.6361363
4,3,3.2318656
1,4,3.8442945
1,3,2.7352283
1,2,1.6875658
1,3,2.599854
1,3,2.9717207
1,4,3.6830347
1,3,2.662938
1,3,2.6426039
1,2,1.6748023
1,3,2.604226
5,4,4.48388
5,4,4.080535
1,2,2.35728
1,2,2.1089718
1,3,2.6132534
1,3,2.8339777
4,4,4.156347
1,3,2.6471202
1,3,2.552459
1,2,2.3784142
1,2,2.4783654
5,4,3.9741812
1,3,3.3513758
1,3,3.1021302
1,2,2.1114058
1,2,1.8652631
5,4,3.8533628
1,4,4.445857
1,2,2.3781474
2,4,4.104965
1,2,2.1357384
1,2,2.4837453
3,3,2.690401
1,3,3.0294998
1,3,2.6356328
1,3,2.9168136
1,2,2.3155298
1,3,2.8742373
1,3,2.5214114
1,2,1.624422
1,2,1.8235954
5,5,4.819414
1,3,2.8693035
2,2,2.1589975
1,3,2.6543453
1,3,3.274979
5,4,3.9609501
1,2,1.5236516
1,3,2.8048525
1,3,2.8665051
5,4,4.339161
5,5,4.675606
1,2,2.18479
5,4,4.066489
1,2,2.4151454
1,2,2.4051464
1,2,2.3061972
1,2,2.2257774
5,5,5.143869
1,2,2.4966195
1,2,2.3085303
1,3,2.5105877
1,3,3.0395026
4,4,4.0953016
2,3,2.6002116
1,3,2.6458478
1,2,2.3918867
1,2,2.1273196
1,3,2.6474383
3,4,3.9397123
1,2,1.8391813
1,2,2.4121256
1,4,3.5322874
1,3,3.2406683
1,2,2.1449194
1,2,2.4208813
1,3,2.6633763
1,3,3.1370375
4,3,2.5544577
1,2,2.4691472
1,2,2.2011693
5,3,3.3260696
1,2,1.6871884
1,2,2.1766167
4,5,4.519187
5,5,4.5335145
1,2,2.0559916
1,2,2.3543935
1,3,2.5128117
1,2,1.8912857
4,4,4.048545
1,3,2.5392578
5,5,5.529766
4,3,3.0535166
1,1,1.4081887
5,5,4.755962
1,2,2.3650289
1,3,3.0105813
1,2,1.8739454
3,3,3.2774558
1,2,2.340457
1,3,2.7099233
1,3,3.3582025
1,2,2.408563
1,2,2.1053457
1,1,1.4078126
1,2,2.3058555
4,5,4.8984103
1,2,2.444072
1,2,2.3242426
1,2,1.7612275
1,3,3.1022742
1,3,2.5817657
5,5,4.98435
2,3,3.1090314
4,5,4.91228
1,3,2.639651
4,4,3.8644955
5,5,5.157299
5,5,5.2251463
5,4,4.391673
1,2,2.365125
1,3,2.7866373
5,4,3.8505054
4,5,4.795179
1,2,2.356798
1,3,2.6604414
1,2,2.1794124
5,3,3.2420132
1,3,2.6602302
1,3,3.1082683
1,2,2.3419187
1,2,1.631543
5,4,4.316909
4,4,3.5770605
1,3,2.7483006
1,2,2.3235064
1,3,3.274805
5,5,4.7251663
1,3,2.6428576
1,3,3.005689
5,5,5.555547
3,2,2.3160017
1,2,2.389899
5,5,4.524163
1,1,1.4582216
5,5,5.030315
1,3,2.5850654
5,4,4.07019
1,2,2.3147845
5,5,5.3145
3,3,2.5998604
1,2,2.3494751
1,3,2.7192175
1,3,2.6153414
1,4,3.7471232
5,4,4.39629
1,4,3.7346654
5,5,4.7864385
1,3,2.5560734
1,2,2.4136424
1,3,3.3825815
1,4,3.6923575
1,3,3.004913
5,3,2.8122723
1,2,2.0349846
5,4,3.9792018
1,3,3.1389823
1,3,2.6414301
4,3,3.3383648
1,2,2.2733467
1,2,1.7776412
1,3,2.5504656
2,3,2.5661566
1,2,1.7921414
1,2,2.3418283
1,2,2.2164543
1,2,2.1480289
1,2,2.2350202
3,4,3.7104564
1,2,2.3344882
1,3,2.539236
1,2,2.4023128
1,2,2.1309578
1,3,2.7920883
5,5,4.6132603
1,2,2.4446092
1,2,2.386846
2,3,3.162155
5,2,2.1970053
1,2,2.4257622
1,3,2.8682504
2,3,2.61016
1,2,2.265322
1,2,2.0647852
1,3,2.8882742
1,3,2.996092
2,4,3.710644
2,3,3.077746
1,3,2.5749693
1,2,2.4269037
1,3,2.8780262
4,2,1.801428
1,3,2.5564294
1,2,2.0742025
1,2,2.379584
1,2,2.4762444
4,3,3.1936803
2,4,3.6099803
5,4,3.8174598
5,5,5.187823
1,2,2.1159952
1,2,2.0779133
2,2,2.4115725
1,2,1.5824441
1,2,2.4272437
1,2,2.083607
1,2,2.3038046
1,2,1.9700758
5,4,4.1770844
1,2,2.3609748
1,2,2.3526344
1,2,2.148293
1,2,2.1291854
1,2,2.0777252
1,2,2.2264369
1,3,3.0773275
1,3,2.5860798
1,3,2.5174441
1,2,1.7453029
1,2,2.4411857
2,3,2.7790785
1,2,2.4820557
1,3,2.5069287
2,3,2.8796952
1,2,2.0690963
1,3,2.9035738
2,2,2.2155259
1,2,2.1691031
1,2,1.9399954
1,3,2.6666226
1,2,2.301961
1,3,2.6954577
5,4,4.1042376
1,2,2.1556094
4,4,3.510682
1,3,3.1072133
1,2,2.142259
1,2,2.0342488
1,2,2.2511048
1,2,2.2306247
5,4,4.009176
2,2,2.3421545
4,5,4.9005094
5,5,4.5537376
5,3,3.1594806
1,3,2.7884712
1,2,2.4545727
1,2,2.2012246
1,3,2.867244
5,4,4.4475236
1,2,1.7951937
1,3,3.0334678
1,2,1.6967872
5,4,4.288348
1,2,2.1139846
1,3,3.3726385
1,2,1.5135158
5,5,4.699935
1,2,2.208168
1,2,1.6450745
4,5,5.4265304
1,2,2.2000718
1,2,1.7847222
1,1,1.395227
1,3,3.010438
5,4,3.9644773
1,3,2.8140743
1,3,3.2113452
1,2,1.9299706
5,5,5.7285867
1,2,2.1214457
1,2,2.2476137
1,3,2.8790853
1,3,2.5285735
1,2,2.1054242
5,3,2.8516815
4,5,5.0739617
5,4,4.3236723
1,4,3.813308
4,5,4.603126
5,5,5.0268645
1,2,1.5792537
1,2,2.2431388
1,4,4.0656543
1,2,2.1359289
1,2,2.148526
1,2,1.7913616
1,2,1.9416867
5,5,4.597892
1,3,3.056691
1,3,3.3668423
1,4,3.6891556
1,2,1.8770682
5,4,4.400867
1,3,2.9585404
2,2,2.276388
5,4,3.6930506
1,3,3.1862671
1,2,2.438361
1,2,1.7493258
2,3,2.7041202
4,3,3.1874003
1,2,2.425113
2,3,2.7515948
1,2,2.4687948
1,3,2.5836165
1,3,3.1364567
1,3,2.686315
1,3,2.595606
1,2,2.279513
2,3,3.245408
1,2,2.1032348
1,2,2.248842
1,3,3.2475054
1,2,2.3017292
1,3,2.9233496
5,4,3.7626393
1,3,2.7957215
1,4,3.5035033
1,2,2.3437443
5,4,3.9452941
1,2,2.1289737
1,2,2.3507214
2,3,2.9900434
1,2,2.1785376
3,2,2.4162157
1,2,2.3381557
1,2,2.4351454
1,2,2.297034
2,3,2.8104026
5,4,3.8439136
1,3,3.176237
1,3,2.5578973
5,4,3.6319234
